{"type":"FeatureCollection","name":"localites_6","xy_coordinate_resolution":1e-06,"bbox":[-16.366692,14.550694,-16.054183,15.001313],"features":[{"type":"Feature","properties":{"ENTITY":"Insert","LAYER":"0","ELEVATION":0.0,"THICKNESS":0.0,"COLOR":7.0,"NOM":"BAITY (NDIODIONE)","NUM_VILLAG":"03-224-001","X_UTM":"366250","Y_UTM":"1613539"},"bbox":[-16.24169,14.591762,-16.24169,14.591762],"geometry":{"type":"Point","coordinates":[-16.24169,14.591762]}},{"type":"Feature","properties":{"ENTITY":"Insert","LAYER":"0","ELEVATION":0.0,"THICKNESS":0.0,"COLOR":7.0,"NOM":"BELKY","NUM_VILLAG":"03-224-002","X_UTM":"374481","Y_UTM":"1613772"},"bbox":[-16.165299,14.594262,-16.165299,14.594262],"geometry":{"type":"Point","coordinates":[-16.165299,14.594262]}},{"type":"Feature","properties":{"ENTITY":"Insert","LAYER":"0","ELEVATION":0.0,"THICKNESS":0.0,"COLOR":7.0,"NOM":"BOHE","NUM_VILLAG":"03-213-001","X_UTM":"369811","Y_UTM":"1652406"},"bbox":[-16.210579,14.943269,-16.210579,14.943269],"geometry":{"type":"Point","coordinates":[-16.210579,14.943269]}},{"type":"Feature","properties":{"ENTITY":"Insert","LAYER":"0","ELEVATION":0.0,"THICKNESS":0.0,"COLOR":7.0,"NOM":"BOROLELLO","NUM_VILLAG":"03-224-003","X_UTM":"381654","Y_UTM":"1611893"},"bbox":[-16.09863,14.577599,-16.09863,14.577599],"geometry":{"type":"Point","coordinates":[-16.09863,14.577599]}},{"type":"Feature","properties":{"ENTITY":"Insert","LAYER":"0","ELEVATION":0.0,"THICKNESS":0.0,"COLOR":7.0,"NOM":"BOULIDIAMA","NUM_VILLAG":"03-224-004","X_UTM":"368989","Y_UTM":"1614412"},"bbox":[-16.216309,14.599787,-16.216309,14.599787],"geometry":{"type":"Point","coordinates":[-16.216309,14.599787]}},{"type":"Feature","properties":{"ENTITY":"Insert","LAYER":"0","ELEVATION":0.0,"THICKNESS":0.0,"COLOR":7.0,"NOM":"BOUNDOU","NUM_VILLAG":"03-222-001","X_UTM":"363198","Y_UTM":"1613924"},"bbox":[-16.270038,14.59509,-16.270038,14.59509],"geometry":{"type":"Point","coordinates":[-16.270038,14.59509]}},{"type":"Feature","properties":{"ENTITY":"Insert","LAYER":"0","ELEVATION":0.0,"THICKNESS":0.0,"COLOR":7.0,"NOM":"COKI GOUYE","NUM_VILLAG":"03-213-002","X_UTM":"372714","Y_UTM":"1651839"},"bbox":[-16.183561,14.938285,-16.183561,14.938285],"geometry":{"type":"Point","coordinates":[-16.183561,14.938285]}},{"type":"Feature","properties":{"ENTITY":"Insert","LAYER":"0","ELEVATION":0.0,"THICKNESS":0.0,"COLOR":7.0,"NOM":"COKY NDIAGUENE","NUM_VILLAG":"03-212-001","X_UTM":"362434","Y_UTM":"1652892"},"bbox":[-16.279189,14.947288,-16.279189,14.947288],"geometry":{"type":"Point","coordinates":[-16.279189,14.947288]}},{"type":"Feature","properties":{"ENTITY":"Insert","LAYER":"0","ELEVATION":0.0,"THICKNESS":0.0,"COLOR":7.0,"NOM":"DABEL BARA","NUM_VILLAG":"03-223-001","X_UTM":"373783","Y_UTM":"1619766"},"bbox":[-16.172065,14.648413,-16.172065,14.648413],"geometry":{"type":"Point","coordinates":[-16.172065,14.648413]}},{"type":"Feature","properties":{"ENTITY":"Insert","LAYER":"0","ELEVATION":0.0,"THICKNESS":0.0,"COLOR":7.0,"NOM":"DAGA","NUM_VILLAG":"03-213-003","X_UTM":"367120","Y_UTM":"1640236"},"bbox":[-16.234971,14.833128,-16.234971,14.833128],"geometry":{"type":"Point","coordinates":[-16.234971,14.833128]}},{"type":"Feature","properties":{"ENTITY":"Insert","LAYER":"0","ELEVATION":0.0,"THICKNESS":0.0,"COLOR":7.0,"NOM":"DAKAR MBAYARD","NUM_VILLAG":"03-221-001","X_UTM":"384040","Y_UTM":"1622276"},"bbox":[-16.076941,14.671563,-16.076941,14.671563],"geometry":{"type":"Point","coordinates":[-16.076941,14.671563]}},{"type":"Feature","properties":{"ENTITY":"Insert","LAYER":"0","ELEVATION":0.0,"THICKNESS":0.0,"COLOR":7.0,"NOM":"DANKH SENE II","NUM_VILLAG":"03-211-011","X_UTM":"377312","Y_UTM":"1640981"},"bbox":[-16.140297,14.840351,-16.140297,14.840351],"geometry":{"type":"Point","coordinates":[-16.140297,14.840351]}},{"type":"Feature","properties":{"ENTITY":"Insert","LAYER":"0","ELEVATION":0.0,"THICKNESS":0.0,"COLOR":7.0,"NOM":"DAPPA","NUM_VILLAG":"03-225-001","X_UTM":"362224","Y_UTM":"1630127"},"bbox":[-16.27993,14.741503,-16.27993,14.741503],"geometry":{"type":"Point","coordinates":[-16.27993,14.741503]}},{"type":"Feature","properties":{"ENTITY":"Insert","LAYER":"0","ELEVATION":0.0,"THICKNESS":0.0,"COLOR":7.0,"NOM":"DARA","NUM_VILLAG":"03-225-002","X_UTM":"369473","Y_UTM":"1628578"},"bbox":[-16.212521,14.727863,-16.212521,14.727863],"geometry":{"type":"Point","coordinates":[-16.212521,14.727863]}},{"type":"Feature","properties":{"ENTITY":"Insert","LAYER":"0","ELEVATION":0.0,"THICKNESS":0.0,"COLOR":7.0,"NOM":"DAROU","NUM_VILLAG":"03-222-002","X_UTM":"364218","Y_UTM":"1616752"},"bbox":[-16.260716,14.620704,-16.260716,14.620704],"geometry":{"type":"Point","coordinates":[-16.260716,14.620704]}},{"type":"Feature","properties":{"ENTITY":"Insert","LAYER":"0","ELEVATION":0.0,"THICKNESS":0.0,"COLOR":7.0,"NOM":"DAROU DIA","NUM_VILLAG":"03-213-004","X_UTM":"369698","Y_UTM":"1635389"},"bbox":[-16.210772,14.789442,-16.210772,14.789442],"geometry":{"type":"Point","coordinates":[-16.210772,14.789442]}},{"type":"Feature","properties":{"ENTITY":"Insert","LAYER":"0","ELEVATION":0.0,"THICKNESS":0.0,"COLOR":7.0,"NOM":"DAROU DIENG","NUM_VILLAG":"03-212-002","X_UTM":"361174","Y_UTM":"1656808"},"bbox":[-16.291115,14.982619,-16.291115,14.982619],"geometry":{"type":"Point","coordinates":[-16.291115,14.982619]}},{"type":"Feature","properties":{"ENTITY":"Insert","LAYER":"0","ELEVATION":0.0,"THICKNESS":0.0,"COLOR":7.0,"NOM":"DAROU KHADIM","NUM_VILLAG":"03-211-001","X_UTM":"378619","Y_UTM":"1648883"},"bbox":[-16.128522,14.911842,-16.128522,14.911842],"geometry":{"type":"Point","coordinates":[-16.128522,14.911842]}},{"type":"Feature","properties":{"ENTITY":"Insert","LAYER":"0","ELEVATION":0.0,"THICKNESS":0.0,"COLOR":7.0,"NOM":"DAROU MBACKE","NUM_VILLAG":"03-321-015","X_UTM":"382635","Y_UTM":"1630564"},"bbox":[-16.09036,14.746424,-16.09036,14.746424],"geometry":{"type":"Point","coordinates":[-16.09036,14.746424]}},{"type":"Feature","properties":{"ENTITY":"Insert","LAYER":"0","ELEVATION":0.0,"THICKNESS":0.0,"COLOR":7.0,"NOM":"DAROU MBAYE","NUM_VILLAG":"03-215-001","X_UTM":"355064","Y_UTM":"1636328"},"bbox":[-16.346778,14.797175,-16.346778,14.797175],"geometry":{"type":"Point","coordinates":[-16.346778,14.797175]}},{"type":"Feature","properties":{"ENTITY":"Insert","LAYER":"0","ELEVATION":0.0,"THICKNESS":0.0,"COLOR":7.0,"NOM":"DAROU NDEME NDIAYE","NUM_VILLAG":"03-213-005","X_UTM":"367818","Y_UTM":"1641521"},"bbox":[-16.22855,14.844778,-16.22855,14.844778],"geometry":{"type":"Point","coordinates":[-16.22855,14.844778]}},{"type":"Feature","properties":{"ENTITY":"Insert","LAYER":"0","ELEVATION":0.0,"THICKNESS":0.0,"COLOR":7.0,"NOM":"DAROU NDIMB","NUM_VILLAG":"03-213-006","X_UTM":"366712","Y_UTM":"1643238"},"bbox":[-16.238917,14.860243,-16.238917,14.860243],"geometry":{"type":"Point","coordinates":[-16.238917,14.860243]}},{"type":"Feature","properties":{"ENTITY":"Insert","LAYER":"0","ELEVATION":0.0,"THICKNESS":0.0,"COLOR":7.0,"NOM":"DAROU SALAM","NUM_VILLAG":"03-215-002","X_UTM":"362335","Y_UTM":"1635531"},"bbox":[-16.279185,14.790356,-16.279185,14.790356],"geometry":{"type":"Point","coordinates":[-16.279185,14.790356]}},{"type":"Feature","properties":{"ENTITY":"Insert","LAYER":"0","ELEVATION":0.0,"THICKNESS":0.0,"COLOR":7.0,"NOM":"DAROU SALAM GALLE I","NUM_VILLAG":"03-211-002","X_UTM":"378153","Y_UTM":"1645017"},"bbox":[-16.132672,14.876874,-16.132672,14.876874],"geometry":{"type":"Point","coordinates":[-16.132672,14.876874]}},{"type":"Feature","properties":{"ENTITY":"Insert","LAYER":"0","ELEVATION":0.0,"THICKNESS":0.0,"COLOR":7.0,"NOM":"DAROU SALAM GALLE II","NUM_VILLAG":"03-211-003","X_UTM":"380138","Y_UTM":"1638652"},"bbox":[-16.113927,14.819427,-16.113927,14.819427],"geometry":{"type":"Point","coordinates":[-16.113927,14.819427]}},{"type":"Feature","properties":{"ENTITY":"Insert","LAYER":"0","ELEVATION":0.0,"THICKNESS":0.0,"COLOR":7.0,"NOM":"DAROU SALAO","NUM_VILLAG":"03-213-007","X_UTM":"368398","Y_UTM":"1638406"},"bbox":[-16.223002,14.81665,-16.223002,14.81665],"geometry":{"type":"Point","coordinates":[-16.223002,14.81665]}},{"type":"Feature","properties":{"ENTITY":"Insert","LAYER":"0","ELEVATION":0.0,"THICKNESS":0.0,"COLOR":7.0,"NOM":"DAROU SAMBE","NUM_VILLAG":"03-223-002","X_UTM":"372745","Y_UTM":"1625027"},"bbox":[-16.181958,14.695921,-16.181958,14.695921],"geometry":{"type":"Point","coordinates":[-16.181958,14.695921]}},{"type":"Feature","properties":{"ENTITY":"Insert","LAYER":"0","ELEVATION":0.0,"THICKNESS":0.0,"COLOR":7.0,"NOM":"DIAKAEL DIGUE","NUM_VILLAG":"03-223-003","X_UTM":"376270","Y_UTM":"1621271"},"bbox":[-16.149045,14.662133,-16.149045,14.662133],"geometry":{"type":"Point","coordinates":[-16.149045,14.662133]}},{"type":"Feature","properties":{"ENTITY":"Insert","LAYER":"0","ELEVATION":0.0,"THICKNESS":0.0,"COLOR":7.0,"NOM":"DIAKAEL TOKOSSONE","NUM_VILLAG":"03-223-004","X_UTM":"376815","Y_UTM":"1619816"},"bbox":[-16.143916,14.649005,-16.143916,14.649005],"geometry":{"type":"Point","coordinates":[-16.143916,14.649005]}},{"type":"Feature","properties":{"ENTITY":"Insert","LAYER":"0","ELEVATION":0.0,"THICKNESS":0.0,"COLOR":7.0,"NOM":"DIAM SELLY","NUM_VILLAG":"03-222-003","X_UTM":"364870","Y_UTM":"1613588"},"bbox":[-16.254501,14.592136,-16.254501,14.592136],"geometry":{"type":"Point","coordinates":[-16.254501,14.592136]}},{"type":"Feature","properties":{"ENTITY":"Insert","LAYER":"0","ELEVATION":0.0,"THICKNESS":0.0,"COLOR":7.0,"NOM":"DIAMAGUENE","NUM_VILLAG":"03-221-002","X_UTM":"378303","Y_UTM":"1628894"},"bbox":[-16.130522,14.731135,-16.130522,14.731135],"geometry":{"type":"Point","coordinates":[-16.130522,14.731135]}},{"type":"Feature","properties":{"ENTITY":"Insert","LAYER":"0","ELEVATION":0.0,"THICKNESS":0.0,"COLOR":7.0,"NOM":"DIAMAKHEUL I","NUM_VILLAG":"03-213-008","X_UTM":"367734","Y_UTM":"1638343"},"bbox":[-16.229169,14.816047,-16.229169,14.816047],"geometry":{"type":"Point","coordinates":[-16.229169,14.816047]}},{"type":"Feature","properties":{"ENTITY":"Insert","LAYER":"0","ELEVATION":0.0,"THICKNESS":0.0,"COLOR":7.0,"NOM":"DIAMAKHEUL II","NUM_VILLAG":"03-213-009","X_UTM":"367774","Y_UTM":"1638617"},"bbox":[-16.228811,14.818526,-16.228811,14.818526],"geometry":{"type":"Point","coordinates":[-16.228811,14.818526]}},{"type":"Feature","properties":{"ENTITY":"Insert","LAYER":"0","ELEVATION":0.0,"THICKNESS":0.0,"COLOR":7.0,"NOM":"DIAWRE","NUM_VILLAG":"03-224-006","X_UTM":"377432","Y_UTM":"1614490"},"bbox":[-16.137939,14.600888,-16.137939,14.600888],"geometry":{"type":"Point","coordinates":[-16.137939,14.600888]}},{"type":"Feature","properties":{"ENTITY":"Insert","LAYER":"0","ELEVATION":0.0,"THICKNESS":0.0,"COLOR":7.0,"NOM":"DIOGAL OUOLOF","NUM_VILLAG":"03-221-005","X_UTM":"382706","Y_UTM":"1623968"},"bbox":[-16.089404,14.686801,-16.089404,14.686801],"geometry":{"type":"Point","coordinates":[-16.089404,14.686801]}},{"type":"Feature","properties":{"ENTITY":"Insert","LAYER":"0","ELEVATION":0.0,"THICKNESS":0.0,"COLOR":7.0,"NOM":"DIOGAL PEULH","NUM_VILLAG":"03-221-004","X_UTM":"381414","Y_UTM":"1624986"},"bbox":[-16.101448,14.695947,-16.101448,14.695947],"geometry":{"type":"Point","coordinates":[-16.101448,14.695947]}},{"type":"Feature","properties":{"ENTITY":"Insert","LAYER":"0","ELEVATION":0.0,"THICKNESS":0.0,"COLOR":7.0,"NOM":"DIOKAM","NUM_VILLAG":"03-224-007","X_UTM":"382133","Y_UTM":"1609199"},"bbox":[-16.094064,14.553266,-16.094064,14.553266],"geometry":{"type":"Point","coordinates":[-16.094064,14.553266]}},{"type":"Feature","properties":{"ENTITY":"Insert","LAYER":"0","ELEVATION":0.0,"THICKNESS":0.0,"COLOR":7.0,"NOM":"DIOKOUL","NUM_VILLAG":"03-215-003","X_UTM":"360804","Y_UTM":"1630968"},"bbox":[-16.293164,14.749031,-16.293164,14.749031],"geometry":{"type":"Point","coordinates":[-16.293164,14.749031]}},{"type":"Feature","properties":{"ENTITY":"Insert","LAYER":"0","ELEVATION":0.0,"THICKNESS":0.0,"COLOR":7.0,"NOM":"DIOKOUL II","NUM_VILLAG":"03-214-001","X_UTM":"355956","Y_UTM":"1643865"},"bbox":[-16.33891,14.86535,-16.33891,14.86535],"geometry":{"type":"Point","coordinates":[-16.33891,14.86535]}},{"type":"Feature","properties":{"ENTITY":"Insert","LAYER":"0","ELEVATION":0.0,"THICKNESS":0.0,"COLOR":7.0,"NOM":"DIOLO","NUM_VILLAG":"03-221-003","X_UTM":"377908","Y_UTM":"1629604"},"bbox":[-16.134224,14.737535,-16.134224,14.737535],"geometry":{"type":"Point","coordinates":[-16.134224,14.737535]}},{"type":"Feature","properties":{"ENTITY":"Insert","LAYER":"0","ELEVATION":0.0,"THICKNESS":0.0,"COLOR":7.0,"NOM":"DIOMKHEL","NUM_VILLAG":"03-222-004","X_UTM":"358800","Y_UTM":"1619983"},"bbox":[-16.311186,14.649632,-16.311186,14.649632],"geometry":{"type":"Point","coordinates":[-16.311186,14.649632]}},{"type":"Feature","properties":{"ENTITY":"Insert","LAYER":"0","ELEVATION":0.0,"THICKNESS":0.0,"COLOR":7.0,"NOM":"DIONGO","NUM_VILLAG":"03-213-010","X_UTM":"369807","Y_UTM":"1642867"},"bbox":[-16.210135,14.857043,-16.210135,14.857043],"geometry":{"type":"Point","coordinates":[-16.210135,14.857043]}},{"type":"Feature","properties":{"ENTITY":"Insert","LAYER":"0","ELEVATION":0.0,"THICKNESS":0.0,"COLOR":7.0,"NOM":"DIOURBEL","NUM_VILLAG":"03-281-000","X_UTM":"367495","Y_UTM":"1620042"},"bbox":[-16.230461,14.650606,-16.230461,14.650606],"geometry":{"type":"Point","coordinates":[-16.230461,14.650606]}},{"type":"Feature","properties":{"ENTITY":"Insert","LAYER":"0","ELEVATION":0.0,"THICKNESS":0.0,"COLOR":7.0,"NOM":"DOMBE","NUM_VILLAG":"03-222-005","X_UTM":"362551","Y_UTM":"1620121"},"bbox":[-16.276367,14.651073,-16.276367,14.651073],"geometry":{"type":"Point","coordinates":[-16.276367,14.651073]}},{"type":"Feature","properties":{"ENTITY":"Insert","LAYER":"0","ELEVATION":0.0,"THICKNESS":0.0,"COLOR":7.0,"NOM":"DONGHO","NUM_VILLAG":"03-211-018","X_UTM":"377741","Y_UTM":"1638684"},"bbox":[-16.136202,14.819607,-16.136202,14.819607],"geometry":{"type":"Point","coordinates":[-16.136202,14.819607]}},{"type":"Feature","properties":{"ENTITY":"Insert","LAYER":"0","ELEVATION":0.0,"THICKNESS":0.0,"COLOR":7.0,"NOM":"DOUGOUL PEULH","NUM_VILLAG":"03-224-008","X_UTM":"381588","Y_UTM":"1615719"},"bbox":[-16.099415,14.612182,-16.099415,14.612182],"geometry":{"type":"Point","coordinates":[-16.099415,14.612182]}},{"type":"Feature","properties":{"ENTITY":"Insert","LAYER":"0","ELEVATION":0.0,"THICKNESS":0.0,"COLOR":7.0,"NOM":"DOUGOUL SAMBA NGUINTH","NUM_VILLAG":"03-224-009","X_UTM":"380440","Y_UTM":"1616321"},"bbox":[-16.110099,14.617574,-16.110099,14.617574],"geometry":{"type":"Point","coordinates":[-16.110099,14.617574]}},{"type":"Feature","properties":{"ENTITY":"Insert","LAYER":"0","ELEVATION":0.0,"THICKNESS":0.0,"COLOR":7.0,"NOM":"DOUGOUL SERERE","NUM_VILLAG":"03-224-010","X_UTM":"380110","Y_UTM":"1614590"},"bbox":[-16.113084,14.601911,-16.113084,14.601911],"geometry":{"type":"Point","coordinates":[-16.113084,14.601911]}},{"type":"Feature","properties":{"ENTITY":"Insert","LAYER":"0","ELEVATION":0.0,"THICKNESS":0.0,"COLOR":7.0,"NOM":"DOUGOUL TOUCOULEUR","NUM_VILLAG":"03-224-011","X_UTM":"379594","Y_UTM":"1616686"},"bbox":[-16.11797,14.620836,-16.11797,14.620836],"geometry":{"type":"Point","coordinates":[-16.11797,14.620836]}},{"type":"Feature","properties":{"ENTITY":"Insert","LAYER":"0","ELEVATION":0.0,"THICKNESS":0.0,"COLOR":7.0,"NOM":"FETODIE","NUM_VILLAG":"03-212-003","X_UTM":"363585","Y_UTM":"1655970"},"bbox":[-16.268652,14.97517,-16.268652,14.97517],"geometry":{"type":"Point","coordinates":[-16.268652,14.97517]}},{"type":"Feature","properties":{"ENTITY":"Insert","LAYER":"0","ELEVATION":0.0,"THICKNESS":0.0,"COLOR":7.0,"NOM":"FINTEL DJIGATTE","NUM_VILLAG":"03-222-006","X_UTM":"360297","Y_UTM":"1612607"},"bbox":[-16.296896,14.583037,-16.296896,14.583037],"geometry":{"type":"Point","coordinates":[-16.296896,14.583037]}},{"type":"Feature","properties":{"ENTITY":"Insert","LAYER":"0","ELEVATION":0.0,"THICKNESS":0.0,"COLOR":7.0,"NOM":"FINTEL SOMB","NUM_VILLAG":"03-222-007","X_UTM":"361148","Y_UTM":"1612774"},"bbox":[-16.289006,14.58459,-16.289006,14.58459],"geometry":{"type":"Point","coordinates":[-16.289006,14.58459]}},{"type":"Feature","properties":{"ENTITY":"Insert","LAYER":"0","ELEVATION":0.0,"THICKNESS":0.0,"COLOR":7.0,"NOM":"FINTEL TOUCOULEUR","NUM_VILLAG":"03-222-008","X_UTM":"361991","Y_UTM":"1612468"},"bbox":[-16.281166,14.581867,-16.281166,14.581867],"geometry":{"type":"Point","coordinates":[-16.281166,14.581867]}},{"type":"Feature","properties":{"ENTITY":"Insert","LAYER":"0","ELEVATION":0.0,"THICKNESS":0.0,"COLOR":7.0,"NOM":"GADE","NUM_VILLAG":"03-221-006","X_UTM":"381588","Y_UTM":"1628976"},"bbox":[-16.100013,14.732023,-16.100013,14.732023],"geometry":{"type":"Point","coordinates":[-16.100013,14.732023]}},{"type":"Feature","properties":{"ENTITY":"Insert","LAYER":"0","ELEVATION":0.0,"THICKNESS":0.0,"COLOR":7.0,"NOM":"GADE ESCALE","NUM_VILLAG":"03-212-004","X_UTM":"354378","Y_UTM":"1648434"},"bbox":[-16.353833,14.906562,-16.353833,14.906562],"geometry":{"type":"Point","coordinates":[-16.353833,14.906562]}},{"type":"Feature","properties":{"ENTITY":"Insert","LAYER":"0","ELEVATION":0.0,"THICKNESS":0.0,"COLOR":7.0,"NOM":"GADE KHAPSOU","NUM_VILLAG":"03-214-002","X_UTM":"362535","Y_UTM":"1650355"},"bbox":[-16.278115,14.924362,-16.278115,14.924362],"geometry":{"type":"Point","coordinates":[-16.278115,14.924362]}},{"type":"Feature","properties":{"ENTITY":"Insert","LAYER":"0","ELEVATION":0.0,"THICKNESS":0.0,"COLOR":7.0,"NOM":"GALLE","NUM_VILLAG":"03-211-004","X_UTM":"376913","Y_UTM":"1643601"},"bbox":[-16.144129,14.864017,-16.144129,14.864017],"geometry":{"type":"Point","coordinates":[-16.144129,14.864017]}},{"type":"Feature","properties":{"ENTITY":"Insert","LAYER":"0","ELEVATION":0.0,"THICKNESS":0.0,"COLOR":7.0,"NOM":"GALLE  BABANAR","NUM_VILLAG":"03-215-004","X_UTM":"364278","Y_UTM":"1635520"},"bbox":[-16.261133,14.790356,-16.261133,14.790356],"geometry":{"type":"Point","coordinates":[-16.261133,14.790356]}},{"type":"Feature","properties":{"ENTITY":"Insert","LAYER":"0","ELEVATION":0.0,"THICKNESS":0.0,"COLOR":7.0,"NOM":"GALLE MBAYARD","NUM_VILLAG":"03-221-007","X_UTM":"377883","Y_UTM":"1629820"},"bbox":[-16.134466,14.739487,-16.134466,14.739487],"geometry":{"type":"Point","coordinates":[-16.134466,14.739487]}},{"type":"Feature","properties":{"ENTITY":"Insert","LAYER":"0","ELEVATION":0.0,"THICKNESS":0.0,"COLOR":7.0,"NOM":"GAPPO","NUM_VILLAG":"03-223-005","X_UTM":"370760","Y_UTM":"1623023"},"bbox":[-16.200293,14.677711,-16.200293,14.677711],"geometry":{"type":"Point","coordinates":[-16.200293,14.677711]}},{"type":"Feature","properties":{"ENTITY":"Insert","LAYER":"0","ELEVATION":0.0,"THICKNESS":0.0,"COLOR":7.0,"NOM":"GNIGNAKH","NUM_VILLAG":"03-222-009","X_UTM":"355014","Y_UTM":"1615825"},"bbox":[-16.346107,14.611847,-16.346107,14.611847],"geometry":{"type":"Point","coordinates":[-16.346107,14.611847]}},{"type":"Feature","properties":{"ENTITY":"Insert","LAYER":"0","ELEVATION":0.0,"THICKNESS":0.0,"COLOR":7.0,"NOM":"GOBACK","NUM_VILLAG":"03-224-012","X_UTM":"385386","Y_UTM":"1609908"},"bbox":[-16.063904,14.559815,-16.063904,14.559815],"geometry":{"type":"Point","coordinates":[-16.063904,14.559815]}},{"type":"Feature","properties":{"ENTITY":"Insert","LAYER":"0","ELEVATION":0.0,"THICKNESS":0.0,"COLOR":7.0,"NOM":"GODAGUENE","NUM_VILLAG":"03-224-013","X_UTM":"368950","Y_UTM":"1614754"},"bbox":[-16.216688,14.602877,-16.216688,14.602877],"geometry":{"type":"Point","coordinates":[-16.216688,14.602877]}},{"type":"Feature","properties":{"ENTITY":"Insert","LAYER":"0","ELEVATION":0.0,"THICKNESS":0.0,"COLOR":7.0,"NOM":"GORETTE","NUM_VILLAG":"03-221-008","X_UTM":"380442","Y_UTM":"1630334"},"bbox":[-16.11072,14.744248,-16.11072,14.744248],"geometry":{"type":"Point","coordinates":[-16.11072,14.744248]}},{"type":"Feature","properties":{"ENTITY":"Insert","LAYER":"0","ELEVATION":0.0,"THICKNESS":0.0,"COLOR":7.0,"NOM":"GOULOUNTHIE","NUM_VILLAG":"03-223-006","X_UTM":"381544","Y_UTM":"1620066"},"bbox":[-16.100019,14.651477,-16.100019,14.651477],"geometry":{"type":"Point","coordinates":[-16.100019,14.651477]}},{"type":"Feature","properties":{"ENTITY":"Insert","LAYER":"0","ELEVATION":0.0,"THICKNESS":0.0,"COLOR":7.0,"NOM":"GOUYE GAYE","NUM_VILLAG":"03-213-011","X_UTM":"368220","Y_UTM":"1645484"},"bbox":[-16.225017,14.880621,-16.225017,14.880621],"geometry":{"type":"Point","coordinates":[-16.225017,14.880621]}},{"type":"Feature","properties":{"ENTITY":"Insert","LAYER":"0","ELEVATION":0.0,"THICKNESS":0.0,"COLOR":7.0,"NOM":"GOUYE NDIAYE","NUM_VILLAG":"03-215-005","X_UTM":"361325","Y_UTM":"1632384"},"bbox":[-16.2884,14.761858,-16.2884,14.761858],"geometry":{"type":"Point","coordinates":[-16.2884,14.761858]}},{"type":"Feature","properties":{"ENTITY":"Insert","LAYER":"0","ELEVATION":0.0,"THICKNESS":0.0,"COLOR":7.0,"NOM":"GOUYE NDIAYE","NUM_VILLAG":"03-315-008","X_UTM":"386230","Y_UTM":"1617673"},"bbox":[-16.056405,14.630046,-16.056405,14.630046],"geometry":{"type":"Point","coordinates":[-16.056405,14.630046]}},{"type":"Feature","properties":{"ENTITY":"Insert","LAYER":"0","ELEVATION":0.0,"THICKNESS":0.0,"COLOR":7.0,"NOM":"GUINTE MATAR","NUM_VILLAG":"03-225-003","X_UTM":"367312","Y_UTM":"1631648"},"bbox":[-16.232748,14.755508,-16.232748,14.755508],"geometry":{"type":"Point","coordinates":[-16.232748,14.755508]}},{"type":"Feature","properties":{"ENTITY":"Insert","LAYER":"0","ELEVATION":0.0,"THICKNESS":0.0,"COLOR":7.0,"NOM":"GUIRY MBAYE","NUM_VILLAG":"03-223-007","X_UTM":"381103","Y_UTM":"1621759"},"bbox":[-16.10419,14.666762,-16.10419,14.666762],"geometry":{"type":"Point","coordinates":[-16.10419,14.666762]}},{"type":"Feature","properties":{"ENTITY":"Insert","LAYER":"0","ELEVATION":0.0,"THICKNESS":0.0,"COLOR":7.0,"NOM":"GUIRY MBAYE","NUM_VILLAG":"03-223-007","X_UTM":"381447","Y_UTM":"1620228"},"bbox":[-16.100927,14.652937,-16.100927,14.652937],"geometry":{"type":"Point","coordinates":[-16.100927,14.652937]}},{"type":"Feature","properties":{"ENTITY":"Insert","LAYER":"0","ELEVATION":0.0,"THICKNESS":0.0,"COLOR":7.0,"NOM":"K. A. (TENEFOUL OUOLOF)","NUM_VILLAG":"03-224-014","X_UTM":"374499","Y_UTM":"1611102"},"bbox":[-16.165005,14.570127,-16.165005,14.570127],"geometry":{"type":"Point","coordinates":[-16.165005,14.570127]}},{"type":"Feature","properties":{"ENTITY":"Insert","LAYER":"0","ELEVATION":0.0,"THICKNESS":0.0,"COLOR":7.0,"NOM":"KADAM","NUM_VILLAG":"03-222-010","X_UTM":"359379","Y_UTM":"1621610"},"bbox":[-16.305897,14.664369,-16.305897,14.664369],"geometry":{"type":"Point","coordinates":[-16.305897,14.664369]}},{"type":"Feature","properties":{"ENTITY":"Insert","LAYER":"0","ELEVATION":0.0,"THICKNESS":0.0,"COLOR":7.0,"NOM":"KADE DIEYE","NUM_VILLAG":"03-225-004","X_UTM":"368442","Y_UTM":"1632021"},"bbox":[-16.22227,14.758936,-16.22227,14.758936],"geometry":{"type":"Point","coordinates":[-16.22227,14.758936]}},{"type":"Feature","properties":{"ENTITY":"Insert","LAYER":"0","ELEVATION":0.0,"THICKNESS":0.0,"COLOR":7.0,"NOM":"KADE NDIAYE","NUM_VILLAG":"03-225-005","X_UTM":"367913","Y_UTM":"1632090"},"bbox":[-16.227188,14.759533,-16.227188,14.759533],"geometry":{"type":"Point","coordinates":[-16.227188,14.759533]}},{"type":"Feature","properties":{"ENTITY":"Insert","LAYER":"0","ELEVATION":0.0,"THICKNESS":0.0,"COLOR":7.0,"NOM":"KADIAO","NUM_VILLAG":"03-134-011","X_UTM":"352931","Y_UTM":"1638045"},"bbox":[-16.366692,14.812578,-16.366692,14.812578],"geometry":{"type":"Point","coordinates":[-16.366692,14.812578]}},{"type":"Feature","properties":{"ENTITY":"Insert","LAYER":"0","ELEVATION":0.0,"THICKNESS":0.0,"COLOR":7.0,"NOM":"KALOM","NUM_VILLAG":"03-222-011","X_UTM":"359932","Y_UTM":"1618254"},"bbox":[-16.300584,14.634062,-16.300584,14.634062],"geometry":{"type":"Point","coordinates":[-16.300584,14.634062]}},{"type":"Feature","properties":{"ENTITY":"Insert","LAYER":"0","ELEVATION":0.0,"THICKNESS":0.0,"COLOR":7.0,"NOM":"KALOM I","NUM_VILLAG":"03-212-005","X_UTM":"355440","Y_UTM":"1657235"},"bbox":[-16.344457,14.98617,-16.344457,14.98617],"geometry":{"type":"Point","coordinates":[-16.344457,14.98617]}},{"type":"Feature","properties":{"ENTITY":"Insert","LAYER":"0","ELEVATION":0.0,"THICKNESS":0.0,"COLOR":7.0,"NOM":"KALOM II","NUM_VILLAG":"03-212-006","X_UTM":"355702","Y_UTM":"1656795"},"bbox":[-16.341996,14.982208,-16.341996,14.982208],"geometry":{"type":"Point","coordinates":[-16.341996,14.982208]}},{"type":"Feature","properties":{"ENTITY":"Insert","LAYER":"0","ELEVATION":0.0,"THICKNESS":0.0,"COLOR":7.0,"NOM":"KALYR","NUM_VILLAG":"03-222-012","X_UTM":"356800","Y_UTM":"1619911"},"bbox":[-16.32975,14.648876,-16.32975,14.648876],"geometry":{"type":"Point","coordinates":[-16.32975,14.648876]}},{"type":"Feature","properties":{"ENTITY":"Insert","LAYER":"0","ELEVATION":0.0,"THICKNESS":0.0,"COLOR":7.0,"NOM":"KANDJI","NUM_VILLAG":"03-221-009","X_UTM":"379220","Y_UTM":"1633905"},"bbox":[-16.122237,14.776474,-16.122237,14.776474],"geometry":{"type":"Point","coordinates":[-16.122237,14.776474]}},{"type":"Feature","properties":{"ENTITY":"Insert","LAYER":"0","ELEVATION":0.0,"THICKNESS":0.0,"COLOR":7.0,"NOM":"KANE KANE","NUM_VILLAG":"03-225-006","X_UTM":"361797","Y_UTM":"1630966"},"bbox":[-16.283941,14.749065,-16.283941,14.749065],"geometry":{"type":"Point","coordinates":[-16.283941,14.749065]}},{"type":"Feature","properties":{"ENTITY":"Insert","LAYER":"0","ELEVATION":0.0,"THICKNESS":0.0,"COLOR":7.0,"NOM":"KANENE","NUM_VILLAG":"03-214-003","X_UTM":"361357","Y_UTM":"1647521"},"bbox":[-16.288913,14.898684,-16.288913,14.898684],"geometry":{"type":"Point","coordinates":[-16.288913,14.898684]}},{"type":"Feature","properties":{"ENTITY":"Insert","LAYER":"0","ELEVATION":0.0,"THICKNESS":0.0,"COLOR":7.0,"NOM":"KEBE KHOULE","NUM_VILLAG":"03-221-010","X_UTM":"382115","Y_UTM":"1627597"},"bbox":[-16.095056,14.719581,-16.095056,14.719581],"geometry":{"type":"Point","coordinates":[-16.095056,14.719581]}},{"type":"Feature","properties":{"ENTITY":"Insert","LAYER":"0","ELEVATION":0.0,"THICKNESS":0.0,"COLOR":7.0,"NOM":"KEDIAO","NUM_VILLAG":"03-215-006","X_UTM":"354728","Y_UTM":"1638495"},"bbox":[-16.350021,14.816744,-16.350021,14.816744],"geometry":{"type":"Point","coordinates":[-16.350021,14.816744]}},{"type":"Feature","properties":{"ENTITY":"Insert","LAYER":"0","ELEVATION":0.0,"THICKNESS":0.0,"COLOR":7.0,"NOM":"KEUR ALLA NIANG","NUM_VILLAG":"03-214-004","X_UTM":"355146","Y_UTM":"1643749"},"bbox":[-16.346431,14.864257,-16.346431,14.864257],"geometry":{"type":"Point","coordinates":[-16.346431,14.864257]}},{"type":"Feature","properties":{"ENTITY":"Insert","LAYER":"0","ELEVATION":0.0,"THICKNESS":0.0,"COLOR":7.0,"NOM":"KEUR ALLE FALL","NUM_VILLAG":"03-225-007","X_UTM":"367393","Y_UTM":"1631201"},"bbox":[-16.231973,14.751472,-16.231973,14.751472],"geometry":{"type":"Point","coordinates":[-16.231973,14.751472]}},{"type":"Feature","properties":{"ENTITY":"Insert","LAYER":"0","ELEVATION":0.0,"THICKNESS":0.0,"COLOR":7.0,"NOM":"KEUR AMADOU COUMBANE","NUM_VILLAG":"03-213-012","X_UTM":"365460","Y_UTM":"1643810"},"bbox":[-16.250582,14.865351,-16.250582,14.865351],"geometry":{"type":"Point","coordinates":[-16.250582,14.865351]}},{"type":"Feature","properties":{"ENTITY":"Insert","LAYER":"0","ELEVATION":0.0,"THICKNESS":0.0,"COLOR":7.0,"NOM":"KEUR AMADOU DIOP","NUM_VILLAG":"03-224-999","X_UTM":"374620","Y_UTM":"1610863"},"bbox":[-16.16387,14.567972,-16.16387,14.567972],"geometry":{"type":"Point","coordinates":[-16.16387,14.567972]}},{"type":"Feature","properties":{"ENTITY":"Insert","LAYER":"0","ELEVATION":0.0,"THICKNESS":0.0,"COLOR":7.0,"NOM":"KEUR BIRIMA NDAO","NUM_VILLAG":"03-215-007","X_UTM":"361024","Y_UTM":"1639806"},"bbox":[-16.291593,14.82893,-16.291593,14.82893],"geometry":{"type":"Point","coordinates":[-16.291593,14.82893]}},{"type":"Feature","properties":{"ENTITY":"Insert","LAYER":"0","ELEVATION":0.0,"THICKNESS":0.0,"COLOR":7.0,"NOM":"KEUR BRIMA NDAO","NUM_VILLAG":"03-214-026","X_UTM":"362818","Y_UTM":"1639818"},"bbox":[-16.274924,14.829132,-16.274924,14.829132],"geometry":{"type":"Point","coordinates":[-16.274924,14.829132]}},{"type":"Feature","properties":{"ENTITY":"Insert","LAYER":"0","ELEVATION":0.0,"THICKNESS":0.0,"COLOR":7.0,"NOM":"KEUR DIABEL","NUM_VILLAG":"03-225-008","X_UTM":"371061","Y_UTM":"1633493"},"bbox":[-16.198015,14.772369,-16.198015,14.772369],"geometry":{"type":"Point","coordinates":[-16.198015,14.772369]}},{"type":"Feature","properties":{"ENTITY":"Insert","LAYER":"0","ELEVATION":0.0,"THICKNESS":0.0,"COLOR":7.0,"NOM":"KEUR EL HADJI BIRANE SEC","NUM_VILLAG":"03-221-011","X_UTM":"375954","Y_UTM":"1631272"},"bbox":[-16.152453,14.752524,-16.152453,14.752524],"geometry":{"type":"Point","coordinates":[-16.152453,14.752524]}},{"type":"Feature","properties":{"ENTITY":"Insert","LAYER":"0","ELEVATION":0.0,"THICKNESS":0.0,"COLOR":7.0,"NOM":"KEUR GANE","NUM_VILLAG":"03-222-013","X_UTM":"357655","Y_UTM":"1612782"},"bbox":[-16.321427,14.584481,-16.321427,14.584481],"geometry":{"type":"Point","coordinates":[-16.321427,14.584481]}},{"type":"Feature","properties":{"ENTITY":"Insert","LAYER":"0","ELEVATION":0.0,"THICKNESS":0.0,"COLOR":7.0,"NOM":"KEUR KHAR","NUM_VILLAG":"03-212-007","X_UTM":"363793","Y_UTM":"1655496"},"bbox":[-16.266693,14.970896,-16.266693,14.970896],"geometry":{"type":"Point","coordinates":[-16.266693,14.970896]}},{"type":"Feature","properties":{"ENTITY":"Insert","LAYER":"0","ELEVATION":0.0,"THICKNESS":0.0,"COLOR":7.0,"NOM":"KEUR LAYE","NUM_VILLAG":"03-212-008","X_UTM":"359215","Y_UTM":"1652343"},"bbox":[-16.309086,14.942156,-16.309086,14.942156],"geometry":{"type":"Point","coordinates":[-16.309086,14.942156]}},{"type":"Feature","properties":{"ENTITY":"Insert","LAYER":"0","ELEVATION":0.0,"THICKNESS":0.0,"COLOR":7.0,"NOM":"KEUR MASSAER","NUM_VILLAG":"03-214-005","X_UTM":"358700","Y_UTM":"1646102"},"bbox":[-16.313532,14.885717,-16.313532,14.885717],"geometry":{"type":"Point","coordinates":[-16.313532,14.885717]}},{"type":"Feature","properties":{"ENTITY":"Insert","LAYER":"0","ELEVATION":0.0,"THICKNESS":0.0,"COLOR":7.0,"NOM":"KEUR MATAR DIENG","NUM_VILLAG":"03-212-009","X_UTM":"363634","Y_UTM":"1653500"},"bbox":[-16.268065,14.952846,-16.268065,14.952846],"geometry":{"type":"Point","coordinates":[-16.268065,14.952846]}},{"type":"Feature","properties":{"ENTITY":"Insert","LAYER":"0","ELEVATION":0.0,"THICKNESS":0.0,"COLOR":7.0,"NOM":"KEUR MBAYE ISSA","NUM_VILLAG":"03-215-008","X_UTM":"357858","Y_UTM":"1636786"},"bbox":[-16.320846,14.801465,-16.320846,14.801465],"geometry":{"type":"Point","coordinates":[-16.320846,14.801465]}},{"type":"Feature","properties":{"ENTITY":"Insert","LAYER":"0","ELEVATION":0.0,"THICKNESS":0.0,"COLOR":7.0,"NOM":"KEUR MOMAR NIANG","NUM_VILLAG":"03-221-012","X_UTM":"378266","Y_UTM":"1628119"},"bbox":[-16.130829,14.724128,-16.130829,14.724128],"geometry":{"type":"Point","coordinates":[-16.130829,14.724128]}},{"type":"Feature","properties":{"ENTITY":"Insert","LAYER":"0","ELEVATION":0.0,"THICKNESS":0.0,"COLOR":7.0,"NOM":"KEUR MOR DIOP","NUM_VILLAG":"03-213-013","X_UTM":"367393","Y_UTM":"1651556"},"bbox":[-16.233016,14.935466,-16.233016,14.935466],"geometry":{"type":"Point","coordinates":[-16.233016,14.935466]}},{"type":"Feature","properties":{"ENTITY":"Insert","LAYER":"0","ELEVATION":0.0,"THICKNESS":0.0,"COLOR":7.0,"NOM":"KEUR MOUSSEUH SALL","NUM_VILLAG":"03-213-014","X_UTM":"368614","Y_UTM":"1648772"},"bbox":[-16.221522,14.910361,-16.221522,14.910361],"geometry":{"type":"Point","coordinates":[-16.221522,14.910361]}},{"type":"Feature","properties":{"ENTITY":"Insert","LAYER":"0","ELEVATION":0.0,"THICKNESS":0.0,"COLOR":7.0,"NOM":"KEUR NDIANKOU","NUM_VILLAG":"03-211-005","X_UTM":"372398","Y_UTM":"1637620"},"bbox":[-16.185797,14.809739,-16.185797,14.809739],"geometry":{"type":"Point","coordinates":[-16.185797,14.809739]}},{"type":"Feature","properties":{"ENTITY":"Insert","LAYER":"0","ELEVATION":0.0,"THICKNESS":0.0,"COLOR":7.0,"NOM":"KEUR NDIOUGA MBAYE","NUM_VILLAG":"03-214-006","X_UTM":"359120","Y_UTM":"1642312"},"bbox":[-16.309421,14.851482,-16.309421,14.851482],"geometry":{"type":"Point","coordinates":[-16.309421,14.851482]}},{"type":"Feature","properties":{"ENTITY":"Insert","LAYER":"0","ELEVATION":0.0,"THICKNESS":0.0,"COLOR":7.0,"NOM":"KEUR NGALGOU","NUM_VILLAG":"03-214-007","X_UTM":"359403","Y_UTM":"1644462"},"bbox":[-16.306908,14.870931,-16.306908,14.870931],"geometry":{"type":"Point","coordinates":[-16.306908,14.870931]}},{"type":"Feature","properties":{"ENTITY":"Insert","LAYER":"0","ELEVATION":0.0,"THICKNESS":0.0,"COLOR":7.0,"NOM":"KEUR SALLA NDIAYE","NUM_VILLAG":"03-214-008","X_UTM":"361380","Y_UTM":"1647276"},"bbox":[-16.288686,14.89647,-16.288686,14.89647],"geometry":{"type":"Point","coordinates":[-16.288686,14.89647]}},{"type":"Feature","properties":{"ENTITY":"Insert","LAYER":"0","ELEVATION":0.0,"THICKNESS":0.0,"COLOR":7.0,"NOM":"KEUR TAMSIR","NUM_VILLAG":"03-225-009","X_UTM":"366034","Y_UTM":"1628443"},"bbox":[-16.244455,14.726474,-16.244455,14.726474],"geometry":{"type":"Point","coordinates":[-16.244455,14.726474]}},{"type":"Feature","properties":{"ENTITY":"Insert","LAYER":"0","ELEVATION":0.0,"THICKNESS":0.0,"COLOR":7.0,"NOM":"KHABANE","NUM_VILLAG":"03-223-008","X_UTM":"378284","Y_UTM":"1626227"},"bbox":[-16.130574,14.707025,-16.130574,14.707025],"geometry":{"type":"Point","coordinates":[-16.130574,14.707025]}},{"type":"Feature","properties":{"ENTITY":"Insert","LAYER":"0","ELEVATION":0.0,"THICKNESS":0.0,"COLOR":7.0,"NOM":"KHAPSOU","NUM_VILLAG":"03-214-009","X_UTM":"361593","Y_UTM":"1650602"},"bbox":[-16.286885,14.926545,-16.286885,14.926545],"geometry":{"type":"Point","coordinates":[-16.286885,14.926545]}},{"type":"Feature","properties":{"ENTITY":"Insert","LAYER":"0","ELEVATION":0.0,"THICKNESS":0.0,"COLOR":7.0,"NOM":"KHAYAGUE","NUM_VILLAG":"03-222-014","X_UTM":"355399","Y_UTM":"1616742"},"bbox":[-16.342583,14.620157,-16.342583,14.620157],"geometry":{"type":"Point","coordinates":[-16.342583,14.620157]}},{"type":"Feature","properties":{"ENTITY":"Insert","LAYER":"0","ELEVATION":0.0,"THICKNESS":0.0,"COLOR":7.0,"NOM":"KHAYOKH","NUM_VILLAG":"03-224-016","X_UTM":"373391","Y_UTM":"1617664"},"bbox":[-16.175603,14.629393,-16.175603,14.629393],"geometry":{"type":"Point","coordinates":[-16.175603,14.629393]}},{"type":"Feature","properties":{"ENTITY":"Insert","LAYER":"0","ELEVATION":0.0,"THICKNESS":0.0,"COLOR":7.0,"NOM":"KHEUYE GUEUNE","NUM_VILLAG":"03-214-010","X_UTM":"357643","Y_UTM":"1644953"},"bbox":[-16.323292,14.875275,-16.323292,14.875275],"geometry":{"type":"Point","coordinates":[-16.323292,14.875275]}},{"type":"Feature","properties":{"ENTITY":"Insert","LAYER":"0","ELEVATION":0.0,"THICKNESS":0.0,"COLOR":7.0,"NOM":"KHOKHE NDIOUFFENE","NUM_VILLAG":"03-221-013","X_UTM":"378356","Y_UTM":"1631682"},"bbox":[-16.13016,14.75634,-16.13016,14.75634],"geometry":{"type":"Point","coordinates":[-16.13016,14.75634]}},{"type":"Feature","properties":{"ENTITY":"Insert","LAYER":"0","ELEVATION":0.0,"THICKNESS":0.0,"COLOR":7.0,"NOM":"KHOKHE NGADIAGA","NUM_VILLAG":"03-221-014","X_UTM":"379064","Y_UTM":"1632676"},"bbox":[-16.123629,14.765357,-16.123629,14.765357],"geometry":{"type":"Point","coordinates":[-16.123629,14.765357]}},{"type":"Feature","properties":{"ENTITY":"Insert","LAYER":"0","ELEVATION":0.0,"THICKNESS":0.0,"COLOR":7.0,"NOM":"KHOUBE","NUM_VILLAG":"03-223-009","X_UTM":"378856","Y_UTM":"1626118"},"bbox":[-16.125257,14.706066,-16.125257,14.706066],"geometry":{"type":"Point","coordinates":[-16.125257,14.706066]}},{"type":"Feature","properties":{"ENTITY":"Insert","LAYER":"0","ELEVATION":0.0,"THICKNESS":0.0,"COLOR":7.0,"NOM":"KHOULE","NUM_VILLAG":"03-221-015","X_UTM":"382611","Y_UTM":"1627893"},"bbox":[-16.090462,14.722278,-16.090462,14.722278],"geometry":{"type":"Point","coordinates":[-16.090462,14.722278]}},{"type":"Feature","properties":{"ENTITY":"Insert","LAYER":"0","ELEVATION":0.0,"THICKNESS":0.0,"COLOR":7.0,"NOM":"KHOUPOYE","NUM_VILLAG":"03-215-009","X_UTM":"359141","Y_UTM":"1639433"},"bbox":[-16.30907,14.82546,-16.30907,14.82546],"geometry":{"type":"Point","coordinates":[-16.30907,14.82546]}},{"type":"Feature","properties":{"ENTITY":"Insert","LAYER":"0","ELEVATION":0.0,"THICKNESS":0.0,"COLOR":7.0,"NOM":"KOBA","NUM_VILLAG":"03-224-017","X_UTM":"384319","Y_UTM":"1610601"},"bbox":[-16.073837,14.566034,-16.073837,14.566034],"geometry":{"type":"Point","coordinates":[-16.073837,14.566034]}},{"type":"Feature","properties":{"ENTITY":"Insert","LAYER":"0","ELEVATION":0.0,"THICKNESS":0.0,"COLOR":7.0,"NOM":"KOCK YOLETTE","NUM_VILLAG":"03-223-010","X_UTM":"376791","Y_UTM":"1626542"},"bbox":[-16.144455,14.709805,-16.144455,14.709805],"geometry":{"type":"Point","coordinates":[-16.144455,14.709805]}},{"type":"Feature","properties":{"ENTITY":"Insert","LAYER":"0","ELEVATION":0.0,"THICKNESS":0.0,"COLOR":7.0,"NOM":"KOEL PEULH","NUM_VILLAG":"03-223-011","X_UTM":"384062","Y_UTM":"1617487"},"bbox":[-16.076525,14.628272,-16.076525,14.628272],"geometry":{"type":"Point","coordinates":[-16.076525,14.628272]}},{"type":"Feature","properties":{"ENTITY":"Insert","LAYER":"0","ELEVATION":0.0,"THICKNESS":0.0,"COLOR":7.0,"NOM":"KOEL SERERE","NUM_VILLAG":"03-223-012","X_UTM":"384865","Y_UTM":"1617209"},"bbox":[-16.069058,14.625793,-16.069058,14.625793],"geometry":{"type":"Point","coordinates":[-16.069058,14.625793]}},{"type":"Feature","properties":{"ENTITY":"Insert","LAYER":"0","ELEVATION":0.0,"THICKNESS":0.0,"COLOR":7.0,"NOM":"KONTEYENE DAPPA","NUM_VILLAG":"03-225-010","X_UTM":"362972","Y_UTM":"1628405"},"bbox":[-16.272892,14.725976,-16.272892,14.725976],"geometry":{"type":"Point","coordinates":[-16.272892,14.725976]}},{"type":"Feature","properties":{"ENTITY":"Insert","LAYER":"0","ELEVATION":0.0,"THICKNESS":0.0,"COLOR":7.0,"NOM":"KONTEYENE NDOULO","NUM_VILLAG":"03-221-016","X_UTM":"377804","Y_UTM":"1630224"},"bbox":[-16.135219,14.743135,-16.135219,14.743135],"geometry":{"type":"Point","coordinates":[-16.135219,14.743135]}},{"type":"Feature","properties":{"ENTITY":"Insert","LAYER":"0","ELEVATION":0.0,"THICKNESS":0.0,"COLOR":7.0,"NOM":"KONTEYENE WOLOF","NUM_VILLAG":"03-225-011","X_UTM":"362725","Y_UTM":"1625235"},"bbox":[-16.27502,14.697309,-16.27502,14.697309],"geometry":{"type":"Point","coordinates":[-16.27502,14.697309]}},{"type":"Feature","properties":{"ENTITY":"Insert","LAYER":"0","ELEVATION":0.0,"THICKNESS":0.0,"COLOR":7.0,"NOM":"KOUDE","NUM_VILLAG":"03-221-017","X_UTM":"377112","Y_UTM":"1630996"},"bbox":[-16.141683,14.750082,-16.141683,14.750082],"geometry":{"type":"Point","coordinates":[-16.141683,14.750082]}},{"type":"Feature","properties":{"ENTITY":"Insert","LAYER":"0","ELEVATION":0.0,"THICKNESS":0.0,"COLOR":7.0,"NOM":"LAGNAR (PAGUI)","NUM_VILLAG":"03-133-024","X_UTM":"355183","Y_UTM":"1619898"},"bbox":[-16.344762,14.648672,-16.344762,14.648672],"geometry":{"type":"Point","coordinates":[-16.344762,14.648672]}},{"type":"Feature","properties":{"ENTITY":"Insert","LAYER":"0","ELEVATION":0.0,"THICKNESS":0.0,"COLOR":7.0,"NOM":"LAGNAR GOUMAK","NUM_VILLAG":"03-222-015","X_UTM":"356421","Y_UTM":"1621430"},"bbox":[-16.333352,14.662586,-16.333352,14.662586],"geometry":{"type":"Point","coordinates":[-16.333352,14.662586]}},{"type":"Feature","properties":{"ENTITY":"Insert","LAYER":"0","ELEVATION":0.0,"THICKNESS":0.0,"COLOR":7.0,"NOM":"LAGNAR POKH","NUM_VILLAG":"03-222-016","X_UTM":"356566","Y_UTM":"1620587"},"bbox":[-16.33196,14.654974,-16.33196,14.654974],"geometry":{"type":"Point","coordinates":[-16.33196,14.654974]}},{"type":"Feature","properties":{"ENTITY":"Insert","LAYER":"0","ELEVATION":0.0,"THICKNESS":0.0,"COLOR":7.0,"NOM":"LAMANE BAMBARA","NUM_VILLAG":"03-224-018","X_UTM":"382705","Y_UTM":"1612533"},"bbox":[-16.088903,14.58343,-16.088903,14.58343],"geometry":{"type":"Point","coordinates":[-16.088903,14.58343]}},{"type":"Feature","properties":{"ENTITY":"Insert","LAYER":"0","ELEVATION":0.0,"THICKNESS":0.0,"COLOR":7.0,"NOM":"LAMANE SERERE","NUM_VILLAG":"03-224-019","X_UTM":"379721","Y_UTM":"1609171"},"bbox":[-16.116448,14.552907,-16.116448,14.552907],"geometry":{"type":"Point","coordinates":[-16.116448,14.552907]}},{"type":"Feature","properties":{"ENTITY":"Insert","LAYER":"0","ELEVATION":0.0,"THICKNESS":0.0,"COLOR":7.0,"NOM":"LAMANE TOUCOULEUR","NUM_VILLAG":"03-224-020","X_UTM":"379336","Y_UTM":"1608928"},"bbox":[-16.120011,14.550694,-16.120011,14.550694],"geometry":{"type":"Point","coordinates":[-16.120011,14.550694]}},{"type":"Feature","properties":{"ENTITY":"Insert","LAYER":"0","ELEVATION":0.0,"THICKNESS":0.0,"COLOR":7.0,"NOM":"LAMBEYE","NUM_VILLAG":"03-215-010","X_UTM":"359524","Y_UTM":"1640617"},"bbox":[-16.305575,14.836182,-16.305575,14.836182],"geometry":{"type":"Point","coordinates":[-16.305575,14.836182]}},{"type":"Feature","properties":{"ENTITY":"Insert","LAYER":"0","ELEVATION":0.0,"THICKNESS":0.0,"COLOR":7.0,"NOM":"LAPPE I","NUM_VILLAG":"03-212-010","X_UTM":"356566","Y_UTM":"1657422"},"bbox":[-16.333997,14.987922,-16.333997,14.987922],"geometry":{"type":"Point","coordinates":[-16.333997,14.987922]}},{"type":"Feature","properties":{"ENTITY":"Insert","LAYER":"0","ELEVATION":0.0,"THICKNESS":0.0,"COLOR":7.0,"NOM":"LAPPE II","NUM_VILLAG":"03-212-011","X_UTM":"356547","Y_UTM":"1657645"},"bbox":[-16.334186,14.989937,-16.334186,14.989937],"geometry":{"type":"Point","coordinates":[-16.334186,14.989937]}},{"type":"Feature","properties":{"ENTITY":"Insert","LAYER":"0","ELEVATION":0.0,"THICKNESS":0.0,"COLOR":7.0,"NOM":"LAYABE","NUM_VILLAG":"03-213-016","X_UTM":"373415","Y_UTM":"1641825"},"bbox":[-16.176553,14.847798,-16.176553,14.847798],"geometry":{"type":"Point","coordinates":[-16.176553,14.847798]}},{"type":"Feature","properties":{"ENTITY":"Insert","LAYER":"0","ELEVATION":0.0,"THICKNESS":0.0,"COLOR":7.0,"NOM":"LAYAME","NUM_VILLAG":"03-215-011","X_UTM":"361563","Y_UTM":"1633882"},"bbox":[-16.286269,14.775411,-16.286269,14.775411],"geometry":{"type":"Point","coordinates":[-16.286269,14.775411]}},{"type":"Feature","properties":{"ENTITY":"Insert","LAYER":"0","ELEVATION":0.0,"THICKNESS":0.0,"COLOR":7.0,"NOM":"LEYENE","NUM_VILLAG":"03-223-013","X_UTM":"377986","Y_UTM":"1626382"},"bbox":[-16.133349,14.708413,-16.133349,14.708413],"geometry":{"type":"Point","coordinates":[-16.133349,14.708413]}},{"type":"Feature","properties":{"ENTITY":"Insert","LAYER":"0","ELEVATION":0.0,"THICKNESS":0.0,"COLOR":7.0,"NOM":"LOMEME","NUM_VILLAG":"03-211-006","X_UTM":"377915","Y_UTM":"1640162"},"bbox":[-16.134655,14.832976,-16.134655,14.832976],"geometry":{"type":"Point","coordinates":[-16.134655,14.832976]}},{"type":"Feature","properties":{"ENTITY":"Insert","LAYER":"0","ELEVATION":0.0,"THICKNESS":0.0,"COLOR":7.0,"NOM":"LONDIOR","NUM_VILLAG":"03-223-014","X_UTM":"378419","Y_UTM":"1623307"},"bbox":[-16.129185,14.680635,-16.129185,14.680635],"geometry":{"type":"Point","coordinates":[-16.129185,14.680635]}},{"type":"Feature","properties":{"ENTITY":"Insert","LAYER":"0","ELEVATION":0.0,"THICKNESS":0.0,"COLOR":7.0,"NOM":"LORFY","NUM_VILLAG":"03-224-021","X_UTM":"381969","Y_UTM":"1615148"},"bbox":[-16.095852,14.607037,-16.095852,14.607037],"geometry":{"type":"Point","coordinates":[-16.095852,14.607037]}},{"type":"Feature","properties":{"ENTITY":"Insert","LAYER":"0","ELEVATION":0.0,"THICKNESS":0.0,"COLOR":7.0,"NOM":"LOUMBEL","NUM_VILLAG":"03-213-017","X_UTM":"369301","Y_UTM":"1651932"},"bbox":[-16.215297,14.938959,-16.215297,14.938959],"geometry":{"type":"Point","coordinates":[-16.215297,14.938959]}},{"type":"Feature","properties":{"ENTITY":"Insert","LAYER":"0","ELEVATION":0.0,"THICKNESS":0.0,"COLOR":7.0,"NOM":"LOUMBEL THIAW","NUM_VILLAG":"03-224-022","X_UTM":"384795","Y_UTM":"1614198"},"bbox":[-16.069576,14.598571,-16.069576,14.598571],"geometry":{"type":"Point","coordinates":[-16.069576,14.598571]}},{"type":"Feature","properties":{"ENTITY":"Insert","LAYER":"0","ELEVATION":0.0,"THICKNESS":0.0,"COLOR":7.0,"NOM":"LOUMENE (KEUR AWA)","NUM_VILLAG":"03-213-018","X_UTM":"370725","Y_UTM":"1639018"},"bbox":[-16.201411,14.822295,-16.201411,14.822295],"geometry":{"type":"Point","coordinates":[-16.201411,14.822295]}},{"type":"Feature","properties":{"ENTITY":"Insert","LAYER":"0","ELEVATION":0.0,"THICKNESS":0.0,"COLOR":7.0,"NOM":"LOYENE","NUM_VILLAG":"03-225-012","X_UTM":"373524","Y_UTM":"1632863"},"bbox":[-16.175103,14.766792,-16.175103,14.766792],"geometry":{"type":"Point","coordinates":[-16.175103,14.766792]}},{"type":"Feature","properties":{"ENTITY":"Insert","LAYER":"0","ELEVATION":0.0,"THICKNESS":0.0,"COLOR":7.0,"NOM":"MBACKE MBAYARD","NUM_VILLAG":"03-315-017","X_UTM":"386208","Y_UTM":"1617980"},"bbox":[-16.056623,14.63282,-16.056623,14.63282],"geometry":{"type":"Point","coordinates":[-16.056623,14.63282]}},{"type":"Feature","properties":{"ENTITY":"Insert","LAYER":"0","ELEVATION":0.0,"THICKNESS":0.0,"COLOR":7.0,"NOM":"MBAM OUOLOF","NUM_VILLAG":"03-315-019","X_UTM":"385468","Y_UTM":"1618589"},"bbox":[-16.06352,14.638294,-16.06352,14.638294],"geometry":{"type":"Point","coordinates":[-16.06352,14.638294]}},{"type":"Feature","properties":{"ENTITY":"Insert","LAYER":"0","ELEVATION":0.0,"THICKNESS":0.0,"COLOR":7.0,"NOM":"MBAM PEULH","NUM_VILLAG":"03-315-018","X_UTM":"385794","Y_UTM":"1618484"},"bbox":[-16.060488,14.637359,-16.060488,14.637359],"geometry":{"type":"Point","coordinates":[-16.060488,14.637359]}},{"type":"Feature","properties":{"ENTITY":"Insert","LAYER":"0","ELEVATION":0.0,"THICKNESS":0.0,"COLOR":7.0,"NOM":"MBAMBE","NUM_VILLAG":"03-215-012","X_UTM":"362415","Y_UTM":"1634993"},"bbox":[-16.278413,14.785497,-16.278413,14.785497],"geometry":{"type":"Point","coordinates":[-16.278413,14.785497]}},{"type":"Feature","properties":{"ENTITY":"Insert","LAYER":"0","ELEVATION":0.0,"THICKNESS":0.0,"COLOR":7.0,"NOM":"MBAMPANA","NUM_VILLAG":"03-223-015","X_UTM":"378066","Y_UTM":"1623308"},"bbox":[-16.132463,14.680629,-16.132463,14.680629],"geometry":{"type":"Point","coordinates":[-16.132463,14.680629]}},{"type":"Feature","properties":{"ENTITY":"Insert","LAYER":"0","ELEVATION":0.0,"THICKNESS":0.0,"COLOR":7.0,"NOM":"MBAPLOL I","NUM_VILLAG":"03-215-013","X_UTM":"356492","Y_UTM":"1633414"},"bbox":[-16.333351,14.770913,-16.333351,14.770913],"geometry":{"type":"Point","coordinates":[-16.333351,14.770913]}},{"type":"Feature","properties":{"ENTITY":"Insert","LAYER":"0","ELEVATION":0.0,"THICKNESS":0.0,"COLOR":7.0,"NOM":"MBAPLOL II","NUM_VILLAG":"03-215-014","X_UTM":"356791","Y_UTM":"1633258"},"bbox":[-16.330565,14.769519,-16.330565,14.769519],"geometry":{"type":"Point","coordinates":[-16.330565,14.769519]}},{"type":"Feature","properties":{"ENTITY":"Insert","LAYER":"0","ELEVATION":0.0,"THICKNESS":0.0,"COLOR":7.0,"NOM":"MBAPPE (MBOUL)","NUM_VILLAG":"03-211-007","X_UTM":"379450","Y_UTM":"1651583"},"bbox":[-16.120924,14.936287,-16.120924,14.936287],"geometry":{"type":"Point","coordinates":[-16.120924,14.936287]}},{"type":"Feature","properties":{"ENTITY":"Insert","LAYER":"0","ELEVATION":0.0,"THICKNESS":0.0,"COLOR":7.0,"NOM":"MBAPPE (SABEYE)","NUM_VILLAG":"03-221-018","X_UTM":"378908","Y_UTM":"1631295"},"bbox":[-16.125014,14.752867,-16.125014,14.752867],"geometry":{"type":"Point","coordinates":[-16.125014,14.752867]}},{"type":"Feature","properties":{"ENTITY":"Insert","LAYER":"0","ELEVATION":0.0,"THICKNESS":0.0,"COLOR":7.0,"NOM":"MBARASSANE","NUM_VILLAG":"03-215-015","X_UTM":"358345","Y_UTM":"1633709"},"bbox":[-16.316154,14.773678,-16.316154,14.773678],"geometry":{"type":"Point","coordinates":[-16.316154,14.773678]}},{"type":"Feature","properties":{"ENTITY":"Insert","LAYER":"0","ELEVATION":0.0,"THICKNESS":0.0,"COLOR":7.0,"NOM":"MBARASSI","NUM_VILLAG":"03-213-019","X_UTM":"372321","Y_UTM":"1635761"},"bbox":[-16.186421,14.792931,-16.186421,14.792931],"geometry":{"type":"Point","coordinates":[-16.186421,14.792931]}},{"type":"Feature","properties":{"ENTITY":"Insert","LAYER":"0","ELEVATION":0.0,"THICKNESS":0.0,"COLOR":7.0,"NOM":"MBATHIE","NUM_VILLAG":"03-214-011","X_UTM":"355353","Y_UTM":"1642946"},"bbox":[-16.344463,14.85701,-16.344463,14.85701],"geometry":{"type":"Point","coordinates":[-16.344463,14.85701]}},{"type":"Feature","properties":{"ENTITY":"Insert","LAYER":"0","ELEVATION":0.0,"THICKNESS":0.0,"COLOR":7.0,"NOM":"MBATHIE","NUM_VILLAG":"03-121-021","X_UTM":"353170","Y_UTM":"1642572"},"bbox":[-16.364728,14.85351,-16.364728,14.85351],"geometry":{"type":"Point","coordinates":[-16.364728,14.85351]}},{"type":"Feature","properties":{"ENTITY":"Insert","LAYER":"0","ELEVATION":0.0,"THICKNESS":0.0,"COLOR":7.0,"NOM":"MBATTY","NUM_VILLAG":"03-221-019","X_UTM":"378037","Y_UTM":"1636522"},"bbox":[-16.13335,14.800077,-16.13335,14.800077],"geometry":{"type":"Point","coordinates":[-16.13335,14.800077]}},{"type":"Feature","properties":{"ENTITY":"Insert","LAYER":"0","ELEVATION":0.0,"THICKNESS":0.0,"COLOR":7.0,"NOM":"MBAYENE","NUM_VILLAG":"03-221-020","X_UTM":"377343","Y_UTM":"1627913"},"bbox":[-16.139393,14.722223,-16.139393,14.722223],"geometry":{"type":"Point","coordinates":[-16.139393,14.722223]}},{"type":"Feature","properties":{"ENTITY":"Insert","LAYER":"0","ELEVATION":0.0,"THICKNESS":0.0,"COLOR":7.0,"NOM":"MBAYENE DANKH","NUM_VILLAG":"03-211-008","X_UTM":"374712","Y_UTM":"1639207"},"bbox":[-16.164373,14.824194,-16.164373,14.824194],"geometry":{"type":"Point","coordinates":[-16.164373,14.824194]}},{"type":"Feature","properties":{"ENTITY":"Insert","LAYER":"0","ELEVATION":0.0,"THICKNESS":0.0,"COLOR":7.0,"NOM":"MBAYENE DIMB","NUM_VILLAG":"03-225-013","X_UTM":"372327","Y_UTM":"1630867"},"bbox":[-16.186125,14.748692,-16.186125,14.748692],"geometry":{"type":"Point","coordinates":[-16.186125,14.748692]}},{"type":"Feature","properties":{"ENTITY":"Insert","LAYER":"0","ELEVATION":0.0,"THICKNESS":0.0,"COLOR":7.0,"NOM":"MBAYENE SOB","NUM_VILLAG":"03-215-016","X_UTM":"363975","Y_UTM":"1641990"},"bbox":[-16.264287,14.848824,-16.264287,14.848824],"geometry":{"type":"Point","coordinates":[-16.264287,14.848824]}},{"type":"Feature","properties":{"ENTITY":"Insert","LAYER":"0","ELEVATION":0.0,"THICKNESS":0.0,"COLOR":7.0,"NOM":"MBEYE MBAYE","NUM_VILLAG":"03-223-016","X_UTM":"378194","Y_UTM":"1626228"},"bbox":[-16.13141,14.70703,-16.13141,14.70703],"geometry":{"type":"Point","coordinates":[-16.13141,14.70703]}},{"type":"Feature","properties":{"ENTITY":"Insert","LAYER":"0","ELEVATION":0.0,"THICKNESS":0.0,"COLOR":7.0,"NOM":"MBEYE WOKANE","NUM_VILLAG":"03-221-022","X_UTM":"376624","Y_UTM":"1631846"},"bbox":[-16.146257,14.757743,-16.146257,14.757743],"geometry":{"type":"Point","coordinates":[-16.146257,14.757743]}},{"type":"Feature","properties":{"ENTITY":"Insert","LAYER":"0","ELEVATION":0.0,"THICKNESS":0.0,"COLOR":7.0,"NOM":"MBEYNA OUOLOF","NUM_VILLAG":"03-224-023","X_UTM":"379787","Y_UTM":"1612020"},"bbox":[-16.115965,14.578665,-16.115965,14.578665],"geometry":{"type":"Point","coordinates":[-16.115965,14.578665]}},{"type":"Feature","properties":{"ENTITY":"Insert","LAYER":"0","ELEVATION":0.0,"THICKNESS":0.0,"COLOR":7.0,"NOM":"MBEYNA SERERE","NUM_VILLAG":"03-224-024","X_UTM":"379828","Y_UTM":"1612661"},"bbox":[-16.115614,14.584461,-16.115614,14.584461],"geometry":{"type":"Point","coordinates":[-16.115614,14.584461]}},{"type":"Feature","properties":{"ENTITY":"Insert","LAYER":"0","ELEVATION":0.0,"THICKNESS":0.0,"COLOR":7.0,"NOM":"MBINDO","NUM_VILLAG":"03-222-018","X_UTM":"359633","Y_UTM":"1617367"},"bbox":[-16.303312,14.626029,-16.303312,14.626029],"geometry":{"type":"Point","coordinates":[-16.303312,14.626029]}},{"type":"Feature","properties":{"ENTITY":"Insert","LAYER":"0","ELEVATION":0.0,"THICKNESS":0.0,"COLOR":7.0,"NOM":"MBOBA","NUM_VILLAG":"03-214-012","X_UTM":"354622","Y_UTM":"1640938"},"bbox":[-16.351143,14.83882,-16.351143,14.83882],"geometry":{"type":"Point","coordinates":[-16.351143,14.83882]}},{"type":"Feature","properties":{"ENTITY":"Insert","LAYER":"0","ELEVATION":0.0,"THICKNESS":0.0,"COLOR":7.0,"NOM":"MBOBENE GOUYE","NUM_VILLAG":"03-213-020","X_UTM":"369775","Y_UTM":"1641122"},"bbox":[-16.210344,14.841268,-16.210344,14.841268],"geometry":{"type":"Point","coordinates":[-16.210344,14.841268]}},{"type":"Feature","properties":{"ENTITY":"Insert","LAYER":"0","ELEVATION":0.0,"THICKNESS":0.0,"COLOR":7.0,"NOM":"MBOBENE NGAWAO","NUM_VILLAG":"03-214-013","X_UTM":"361121","Y_UTM":"1642310"},"bbox":[-16.290826,14.851569,-16.290826,14.851569],"geometry":{"type":"Point","coordinates":[-16.290826,14.851569]}},{"type":"Feature","properties":{"ENTITY":"Insert","LAYER":"0","ELEVATION":0.0,"THICKNESS":0.0,"COLOR":7.0,"NOM":"MBOSSEKH","NUM_VILLAG":"03-225-014","X_UTM":"369194","Y_UTM":"1625341"},"bbox":[-16.21495,14.698589,-16.21495,14.698589],"geometry":{"type":"Point","coordinates":[-16.21495,14.698589]}},{"type":"Feature","properties":{"ENTITY":"Insert","LAYER":"0","ELEVATION":0.0,"THICKNESS":0.0,"COLOR":7.0,"NOM":"MBOUMY (KEUR MANDIAYE)","NUM_VILLAG":"03-211-009","X_UTM":"374300","Y_UTM":"1642764"},"bbox":[-16.168374,14.856328,-16.168374,14.856328],"geometry":{"type":"Point","coordinates":[-16.168374,14.856328]}},{"type":"Feature","properties":{"ENTITY":"Insert","LAYER":"0","ELEVATION":0.0,"THICKNESS":0.0,"COLOR":7.0,"NOM":"MELO PALENE","NUM_VILLAG":"03-225-015","X_UTM":"369030","Y_UTM":"1629656"},"bbox":[-16.21669,14.737586,-16.21669,14.737586],"geometry":{"type":"Point","coordinates":[-16.21669,14.737586]}},{"type":"Feature","properties":{"ENTITY":"Insert","LAYER":"0","ELEVATION":0.0,"THICKNESS":0.0,"COLOR":7.0,"NOM":"MEOUNDOU KALOM","NUM_VILLAG":"03-212-012","X_UTM":"353855","Y_UTM":"1658920"},"bbox":[-16.359291,15.001313,-16.359291,15.001313],"geometry":{"type":"Point","coordinates":[-16.359291,15.001313]}},{"type":"Feature","properties":{"ENTITY":"Insert","LAYER":"0","ELEVATION":0.0,"THICKNESS":0.0,"COLOR":7.0,"NOM":"MERINA DIENG","NUM_VILLAG":"03-212-013","X_UTM":"356892","Y_UTM":"1650789"},"bbox":[-16.330596,14.927985,-16.330596,14.927985],"geometry":{"type":"Point","coordinates":[-16.330596,14.927985]}},{"type":"Feature","properties":{"ENTITY":"Insert","LAYER":"0","ELEVATION":0.0,"THICKNESS":0.0,"COLOR":7.0,"NOM":"MERINA MBACKE","NUM_VILLAG":"03-221-023","X_UTM":"381597","Y_UTM":"1630820"},"bbox":[-16.100013,14.748693,-16.100013,14.748693],"geometry":{"type":"Point","coordinates":[-16.100013,14.748693]}},{"type":"Feature","properties":{"ENTITY":"Insert","LAYER":"0","ELEVATION":0.0,"THICKNESS":0.0,"COLOR":7.0,"NOM":"MERINA SARR","NUM_VILLAG":"03-224-026","X_UTM":"377657","Y_UTM":"1609018"},"bbox":[-16.135597,14.551432,-16.135597,14.551432],"geometry":{"type":"Point","coordinates":[-16.135597,14.551432]}},{"type":"Feature","properties":{"ENTITY":"Insert","LAYER":"0","ELEVATION":0.0,"THICKNESS":0.0,"COLOR":7.0,"NOM":"MERINA SYLL","NUM_VILLAG":"03-213-021","X_UTM":"365389","Y_UTM":"1647036"},"bbox":[-16.25141,14.894507,-16.25141,14.894507],"geometry":{"type":"Point","coordinates":[-16.25141,14.894507]}},{"type":"Feature","properties":{"ENTITY":"Insert","LAYER":"0","ELEVATION":0.0,"THICKNESS":0.0,"COLOR":7.0,"NOM":"MERINA THIAKHO","NUM_VILLAG":"03-221-024","X_UTM":"380644","Y_UTM":"1633857"},"bbox":[-16.109005,14.776104,-16.109005,14.776104],"geometry":{"type":"Point","coordinates":[-16.109005,14.776104]}},{"type":"Feature","properties":{"ENTITY":"Insert","LAYER":"0","ELEVATION":0.0,"THICKNESS":0.0,"COLOR":7.0,"NOM":"MOUSLADJIE (NDAKHAR)","NUM_VILLAG":"03-212-014","X_UTM":"358290","Y_UTM":"1651703"},"bbox":[-16.31765,14.936322,-16.31765,14.936322],"geometry":{"type":"Point","coordinates":[-16.31765,14.936322]}},{"type":"Feature","properties":{"ENTITY":"Insert","LAYER":"0","ELEVATION":0.0,"THICKNESS":0.0,"COLOR":7.0,"NOM":"MOUSLADJIE II","NUM_VILLAG":"03-212-015","X_UTM":"360206","Y_UTM":"1655086"},"bbox":[-16.300022,14.967003,-16.300022,14.967003],"geometry":{"type":"Point","coordinates":[-16.300022,14.967003]}},{"type":"Feature","properties":{"ENTITY":"Insert","LAYER":"0","ELEVATION":0.0,"THICKNESS":0.0,"COLOR":7.0,"NOM":"NAOLE","NUM_VILLAG":"03-212-016","X_UTM":"354780","Y_UTM":"1647098"},"bbox":[-16.350021,14.894508,-16.350021,14.894508],"geometry":{"type":"Point","coordinates":[-16.350021,14.894508]}},{"type":"Feature","properties":{"ENTITY":"Insert","LAYER":"0","ELEVATION":0.0,"THICKNESS":0.0,"COLOR":7.0,"NOM":"NDAME (TOUBA MBAYARD)","NUM_VILLAG":"03-222-019","X_UTM":"363872","Y_UTM":"1616318"},"bbox":[-16.263906,14.616764,-16.263906,14.616764],"geometry":{"type":"Point","coordinates":[-16.263906,14.616764]}},{"type":"Feature","properties":{"ENTITY":"Insert","LAYER":"0","ELEVATION":0.0,"THICKNESS":0.0,"COLOR":7.0,"NOM":"NDANKH SENE I","NUM_VILLAG":"03-211-010","X_UTM":"377062","Y_UTM":"1640657"},"bbox":[-16.142605,14.837411,-16.142605,14.837411],"geometry":{"type":"Point","coordinates":[-16.142605,14.837411]}},{"type":"Feature","properties":{"ENTITY":"Insert","LAYER":"0","ELEVATION":0.0,"THICKNESS":0.0,"COLOR":7.0,"NOM":"NDARAP","NUM_VILLAG":"03-222-020","X_UTM":"360788","Y_UTM":"1617146"},"bbox":[-16.292578,14.624091,-16.292578,14.624091],"geometry":{"type":"Point","coordinates":[-16.292578,14.624091]}},{"type":"Feature","properties":{"ENTITY":"Insert","LAYER":"0","ELEVATION":0.0,"THICKNESS":0.0,"COLOR":7.0,"NOM":"NDAYANE","NUM_VILLAG":"03-224-028","X_UTM":"367163","Y_UTM":"1616146"},"bbox":[-16.233346,14.615373,-16.233346,14.615373],"geometry":{"type":"Point","coordinates":[-16.233346,14.615373]}},{"type":"Feature","properties":{"ENTITY":"Insert","LAYER":"0","ELEVATION":0.0,"THICKNESS":0.0,"COLOR":7.0,"NOM":"NDEME SARR","NUM_VILLAG":"03-213-022","X_UTM":"371161","Y_UTM":"1635868"},"bbox":[-16.197203,14.793842,-16.197203,14.793842],"geometry":{"type":"Point","coordinates":[-16.197203,14.793842]}},{"type":"Feature","properties":{"ENTITY":"Insert","LAYER":"0","ELEVATION":0.0,"THICKNESS":0.0,"COLOR":7.0,"NOM":"NDEUCKSY","NUM_VILLAG":"03-223-017","X_UTM":"374322","Y_UTM":"1628500"},"bbox":[-16.16748,14.72739,-16.16748,14.72739],"geometry":{"type":"Point","coordinates":[-16.16748,14.72739]}},{"type":"Feature","properties":{"ENTITY":"Insert","LAYER":"0","ELEVATION":0.0,"THICKNESS":0.0,"COLOR":7.0,"NOM":"NDEUGUEGNE","NUM_VILLAG":"03-215-017","X_UTM":"362783","Y_UTM":"1635529"},"bbox":[-16.275023,14.790361,-16.275023,14.790361],"geometry":{"type":"Point","coordinates":[-16.275023,14.790361]}},{"type":"Feature","properties":{"ENTITY":"Insert","LAYER":"0","ELEVATION":0.0,"THICKNESS":0.0,"COLOR":7.0,"NOM":"NDIA - DAKHAR","NUM_VILLAG":"03-215-019","X_UTM":"360723","Y_UTM":"1639501"},"bbox":[-16.294374,14.826157,-16.294374,14.826157],"geometry":{"type":"Point","coordinates":[-16.294374,14.826157]}},{"type":"Feature","properties":{"ENTITY":"Insert","LAYER":"0","ELEVATION":0.0,"THICKNESS":0.0,"COLOR":7.0,"NOM":"NDIA BOUTY","NUM_VILLAG":"03-215-018","X_UTM":"360408","Y_UTM":"1638308"},"bbox":[-16.297236,14.815357,-16.297236,14.815357],"geometry":{"type":"Point","coordinates":[-16.297236,14.815357]}},{"type":"Feature","properties":{"ENTITY":"Insert","LAYER":"0","ELEVATION":0.0,"THICKNESS":0.0,"COLOR":7.0,"NOM":"NDIA II","NUM_VILLAG":"03-211-013","X_UTM":"372552","Y_UTM":"1638138"},"bbox":[-16.184391,14.814429,-16.184391,14.814429],"geometry":{"type":"Point","coordinates":[-16.184391,14.814429]}},{"type":"Feature","properties":{"ENTITY":"Insert","LAYER":"0","ELEVATION":0.0,"THICKNESS":0.0,"COLOR":7.0,"NOM":"NDIA III","NUM_VILLAG":"03-211-014","X_UTM":"379479","Y_UTM":"1643813"},"bbox":[-16.120291,14.866051,-16.120291,14.866051],"geometry":{"type":"Point","coordinates":[-16.120291,14.866051]}},{"type":"Feature","properties":{"ENTITY":"Insert","LAYER":"0","ELEVATION":0.0,"THICKNESS":0.0,"COLOR":7.0,"NOM":"NDIA LAKHASS","NUM_VILLAG":"03-215-020","X_UTM":"363227","Y_UTM":"1634604"},"bbox":[-16.270849,14.782022,-16.270849,14.782022],"geometry":{"type":"Point","coordinates":[-16.270849,14.782022]}},{"type":"Feature","properties":{"ENTITY":"Insert","LAYER":"0","ELEVATION":0.0,"THICKNESS":0.0,"COLOR":7.0,"NOM":"NDIA NGUINTHE","NUM_VILLAG":"03-211-015","X_UTM":"379875","Y_UTM":"1643890"},"bbox":[-16.116614,14.866765,-16.116614,14.866765],"geometry":{"type":"Point","coordinates":[-16.116614,14.866765]}},{"type":"Feature","properties":{"ENTITY":"Insert","LAYER":"0","ELEVATION":0.0,"THICKNESS":0.0,"COLOR":7.0,"NOM":"NDIABAYE","NUM_VILLAG":"03-222-021","X_UTM":"358310","Y_UTM":"1622541"},"bbox":[-16.315873,14.672728,-16.315873,14.672728],"geometry":{"type":"Point","coordinates":[-16.315873,14.672728]}},{"type":"Feature","properties":{"ENTITY":"Insert","LAYER":"0","ELEVATION":0.0,"THICKNESS":0.0,"COLOR":7.0,"NOM":"NDIAGNE BOUMI","NUM_VILLAG":"03-134-029","X_UTM":"360168","Y_UTM":"1625324"},"bbox":[-16.29877,14.697981,-16.29877,14.697981],"geometry":{"type":"Point","coordinates":[-16.29877,14.697981]}},{"type":"Feature","properties":{"ENTITY":"Insert","LAYER":"0","ELEVATION":0.0,"THICKNESS":0.0,"COLOR":7.0,"NOM":"NDIAKH GUEB","NUM_VILLAG":"03-323-015","X_UTM":"381040","Y_UTM":"1644568"},"bbox":[-16.105817,14.872946,-16.105817,14.872946],"geometry":{"type":"Point","coordinates":[-16.105817,14.872946]}},{"type":"Feature","properties":{"ENTITY":"Insert","LAYER":"0","ELEVATION":0.0,"THICKNESS":0.0,"COLOR":7.0,"NOM":"NDIALAP","NUM_VILLAG":"03-215-021","X_UTM":"360008","Y_UTM":"1634814"},"bbox":[-16.300765,14.783754,-16.300765,14.783754],"geometry":{"type":"Point","coordinates":[-16.300765,14.783754]}},{"type":"Feature","properties":{"ENTITY":"Insert","LAYER":"0","ELEVATION":0.0,"THICKNESS":0.0,"COLOR":7.0,"NOM":"NDIANDE","NUM_VILLAG":"03-222-022","X_UTM":"363020","Y_UTM":"1614916"},"bbox":[-16.271742,14.604048,-16.271742,14.604048],"geometry":{"type":"Point","coordinates":[-16.271742,14.604048]}},{"type":"Feature","properties":{"ENTITY":"Insert","LAYER":"0","ELEVATION":0.0,"THICKNESS":0.0,"COLOR":7.0,"NOM":"NDIANKHENE","NUM_VILLAG":"03-223-018","X_UTM":"373840","Y_UTM":"1627240"},"bbox":[-16.171896,14.715977,-16.171896,14.715977],"geometry":{"type":"Point","coordinates":[-16.171896,14.715977]}},{"type":"Feature","properties":{"ENTITY":"Insert","LAYER":"0","ELEVATION":0.0,"THICKNESS":0.0,"COLOR":7.0,"NOM":"NDIAO","NUM_VILLAG":"03-215-022","X_UTM":"368223","Y_UTM":"1634223"},"bbox":[-16.224416,14.778829,-16.224416,14.778829],"geometry":{"type":"Point","coordinates":[-16.224416,14.778829]}},{"type":"Feature","properties":{"ENTITY":"Insert","LAYER":"0","ELEVATION":0.0,"THICKNESS":0.0,"COLOR":7.0,"NOM":"NDIASSY DIAGNE","NUM_VILLAG":"03-221-025","X_UTM":"376437","Y_UTM":"1632011"},"bbox":[-16.148002,14.759226,-16.148002,14.759226],"geometry":{"type":"Point","coordinates":[-16.148002,14.759226]}},{"type":"Feature","properties":{"ENTITY":"Insert","LAYER":"0","ELEVATION":0.0,"THICKNESS":0.0,"COLOR":7.0,"NOM":"NDIASSY MBAYE","NUM_VILLAG":"03-221-026","X_UTM":"376347","Y_UTM":"1631711"},"bbox":[-16.148823,14.75651,-16.148823,14.75651],"geometry":{"type":"Point","coordinates":[-16.148823,14.75651]}},{"type":"Feature","properties":{"ENTITY":"Insert","LAYER":"0","ELEVATION":0.0,"THICKNESS":0.0,"COLOR":7.0,"NOM":"NDIATACK DAROU NGOM","NUM_VILLAG":"03-213-023","X_UTM":"368200","Y_UTM":"1641889"},"bbox":[-16.225019,14.848124,-16.225019,14.848124],"geometry":{"type":"Point","coordinates":[-16.225019,14.848124]}},{"type":"Feature","properties":{"ENTITY":"Insert","LAYER":"0","ELEVATION":0.0,"THICKNESS":0.0,"COLOR":7.0,"NOM":"NDIAVALDY II","NUM_VILLAG":"03-311-021","X_UTM":"383322","Y_UTM":"1628968"},"bbox":[-16.083907,14.732027,-16.083907,14.732027],"geometry":{"type":"Point","coordinates":[-16.083907,14.732027]}},{"type":"Feature","properties":{"ENTITY":"Insert","LAYER":"0","ELEVATION":0.0,"THICKNESS":0.0,"COLOR":7.0,"NOM":"NDIAYENE KEUR ABDOU","NUM_VILLAG":"03-223-019","X_UTM":"380121","Y_UTM":"1625666"},"bbox":[-16.113488,14.702037,-16.113488,14.702037],"geometry":{"type":"Point","coordinates":[-16.113488,14.702037]}},{"type":"Feature","properties":{"ENTITY":"Insert","LAYER":"0","ELEVATION":0.0,"THICKNESS":0.0,"COLOR":7.0,"NOM":"NDIAYENE KEUR MAKHARY","NUM_VILLAG":"03-223-020","X_UTM":"378242","Y_UTM":"1624242"},"bbox":[-16.130872,14.68908,-16.130872,14.68908],"geometry":{"type":"Point","coordinates":[-16.130872,14.68908]}},{"type":"Feature","properties":{"ENTITY":"Insert","LAYER":"0","ELEVATION":0.0,"THICKNESS":0.0,"COLOR":7.0,"NOM":"NDIECK PINTHIE","NUM_VILLAG":"03-213-024","X_UTM":"370182","Y_UTM":"1651507"},"bbox":[-16.207084,14.935161,-16.207084,14.935161],"geometry":{"type":"Point","coordinates":[-16.207084,14.935161]}},{"type":"Feature","properties":{"ENTITY":"Insert","LAYER":"0","ELEVATION":0.0,"THICKNESS":0.0,"COLOR":7.0,"NOM":"NDIENGHENE THIOUTHIE","NUM_VILLAG":"03-221-028","X_UTM":"377265","Y_UTM":"1631763"},"bbox":[-16.140298,14.757022,-16.140298,14.757022],"geometry":{"type":"Point","coordinates":[-16.140298,14.757022]}},{"type":"Feature","properties":{"ENTITY":"Insert","LAYER":"0","ELEVATION":0.0,"THICKNESS":0.0,"COLOR":7.0,"NOM":"NDIENGHENE WOKANE","NUM_VILLAG":"03-221-027","X_UTM":"377955","Y_UTM":"1630123"},"bbox":[-16.133812,14.742229,-16.133812,14.742229],"geometry":{"type":"Point","coordinates":[-16.133812,14.742229]}},{"type":"Feature","properties":{"ENTITY":"Insert","LAYER":"0","ELEVATION":0.0,"THICKNESS":0.0,"COLOR":7.0,"NOM":"NDIETTE","NUM_VILLAG":"03-215-023","X_UTM":"357758","Y_UTM":"1635876"},"bbox":[-16.321725,14.793235,-16.321725,14.793235],"geometry":{"type":"Point","coordinates":[-16.321725,14.793235]}},{"type":"Feature","properties":{"ENTITY":"Insert","LAYER":"0","ELEVATION":0.0,"THICKNESS":0.0,"COLOR":7.0,"NOM":"NDIETTE NGOHE","NUM_VILLAG":"03-222-023","X_UTM":"361187","Y_UTM":"1617868"},"bbox":[-16.288913,14.630638,-16.288913,14.630638],"geometry":{"type":"Point","coordinates":[-16.288913,14.630638]}},{"type":"Feature","properties":{"ENTITY":"Insert","LAYER":"0","ELEVATION":0.0,"THICKNESS":0.0,"COLOR":7.0,"NOM":"NDIGALEME","NUM_VILLAG":"03-222-024","X_UTM":"364106","Y_UTM":"1619655"},"bbox":[-16.261906,14.64694,-16.261906,14.64694],"geometry":{"type":"Point","coordinates":[-16.261906,14.64694]}},{"type":"Feature","properties":{"ENTITY":"Insert","LAYER":"0","ELEVATION":0.0,"THICKNESS":0.0,"COLOR":7.0,"NOM":"NDIMB DAPPA","NUM_VILLAG":"03-215-024","X_UTM":"359900","Y_UTM":"1633907"},"bbox":[-16.301719,14.77555,-16.301719,14.77555],"geometry":{"type":"Point","coordinates":[-16.301719,14.77555]}},{"type":"Feature","properties":{"ENTITY":"Insert","LAYER":"0","ELEVATION":0.0,"THICKNESS":0.0,"COLOR":7.0,"NOM":"NDIMB I","NUM_VILLAG":"03-213-025","X_UTM":"365531","Y_UTM":"1644699"},"bbox":[-16.249968,14.87339,-16.249968,14.87339],"geometry":{"type":"Point","coordinates":[-16.249968,14.87339]}},{"type":"Feature","properties":{"ENTITY":"Insert","LAYER":"0","ELEVATION":0.0,"THICKNESS":0.0,"COLOR":7.0,"NOM":"NDIMB II","NUM_VILLAG":"03-213-026","X_UTM":"368473","Y_UTM":"1640903"},"bbox":[-16.222432,14.839224,-16.222432,14.839224],"geometry":{"type":"Point","coordinates":[-16.222432,14.839224]}},{"type":"Feature","properties":{"ENTITY":"Insert","LAYER":"0","ELEVATION":0.0,"THICKNESS":0.0,"COLOR":7.0,"NOM":"NDINDY","NUM_VILLAG":"03-213-027","X_UTM":"370392","Y_UTM":"1646746"},"bbox":[-16.204893,14.892135,-16.204893,14.892135],"geometry":{"type":"Point","coordinates":[-16.204893,14.892135]}},{"type":"Feature","properties":{"ENTITY":"Insert","LAYER":"0","ELEVATION":0.0,"THICKNESS":0.0,"COLOR":7.0,"NOM":"NDIOBENE MBAFAYE","NUM_VILLAG":"03-222-025","X_UTM":"361327","Y_UTM":"1616178"},"bbox":[-16.287524,14.615369,-16.287524,14.615369],"geometry":{"type":"Point","coordinates":[-16.287524,14.615369]}},{"type":"Feature","properties":{"ENTITY":"Insert","LAYER":"0","ELEVATION":0.0,"THICKNESS":0.0,"COLOR":7.0,"NOM":"NDIOGOP DIOP","NUM_VILLAG":"03-211-016","X_UTM":"376322","Y_UTM":"1637092"},"bbox":[-16.149311,14.805151,-16.149311,14.805151],"geometry":{"type":"Point","coordinates":[-16.149311,14.805151]}},{"type":"Feature","properties":{"ENTITY":"Insert","LAYER":"0","ELEVATION":0.0,"THICKNESS":0.0,"COLOR":7.0,"NOM":"NDIOGOP NDIAYE","NUM_VILLAG":"03-211-017","X_UTM":"376249","Y_UTM":"1637606"},"bbox":[-16.150014,14.809794,-16.150014,14.809794],"geometry":{"type":"Point","coordinates":[-16.150014,14.809794]}},{"type":"Feature","properties":{"ENTITY":"Insert","LAYER":"0","ELEVATION":0.0,"THICKNESS":0.0,"COLOR":7.0,"NOM":"NDIOKHOBA","NUM_VILLAG":"03-222-026","X_UTM":"360172","Y_UTM":"1623053"},"bbox":[-16.298611,14.677454,-16.298611,14.677454],"geometry":{"type":"Point","coordinates":[-16.298611,14.677454]}},{"type":"Feature","properties":{"ENTITY":"Insert","LAYER":"0","ELEVATION":0.0,"THICKNESS":0.0,"COLOR":7.0,"NOM":"NDIOMPY I","NUM_VILLAG":"03-212-017","X_UTM":"356995","Y_UTM":"1654044"},"bbox":[-16.32982,14.957412,-16.32982,14.957412],"geometry":{"type":"Point","coordinates":[-16.32982,14.957412]}},{"type":"Feature","properties":{"ENTITY":"Insert","LAYER":"0","ELEVATION":0.0,"THICKNESS":0.0,"COLOR":7.0,"NOM":"NDIOMPY II","NUM_VILLAG":"03-212-018","X_UTM":"357560","Y_UTM":"1654572"},"bbox":[-16.324596,14.962215,-16.324596,14.962215],"geometry":{"type":"Point","coordinates":[-16.324596,14.962215]}},{"type":"Feature","properties":{"ENTITY":"Insert","LAYER":"0","ELEVATION":0.0,"THICKNESS":0.0,"COLOR":7.0,"NOM":"NDIONAYE","NUM_VILLAG":"03-223-021","X_UTM":"374397","Y_UTM":"1626554"},"bbox":[-16.166689,14.709802,-16.166689,14.709802],"geometry":{"type":"Point","coordinates":[-16.166689,14.709802]}},{"type":"Feature","properties":{"ENTITY":"Insert","LAYER":"0","ELEVATION":0.0,"THICKNESS":0.0,"COLOR":7.0,"NOM":"NDIOUFENE MBAKHANE","NUM_VILLAG":"03-222-017","X_UTM":"361808","Y_UTM":"1621707"},"bbox":[-16.283349,14.665371,-16.283349,14.665371],"geometry":{"type":"Point","coordinates":[-16.283349,14.665371]}},{"type":"Feature","properties":{"ENTITY":"Insert","LAYER":"0","ELEVATION":0.0,"THICKNESS":0.0,"COLOR":7.0,"NOM":"NDIOUFFENE WOKANE","NUM_VILLAG":"03-221-029","X_UTM":"376524","Y_UTM":"1629710"},"bbox":[-16.147084,14.73843,-16.147084,14.73843],"geometry":{"type":"Point","coordinates":[-16.147084,14.73843]}},{"type":"Feature","properties":{"ENTITY":"Insert","LAYER":"0","ELEVATION":0.0,"THICKNESS":0.0,"COLOR":7.0,"NOM":"NDIOUKEME NDIAYE","NUM_VILLAG":"03-225-016","X_UTM":"366567","Y_UTM":"1629134"},"bbox":[-16.23954,14.732746,-16.23954,14.732746],"geometry":{"type":"Point","coordinates":[-16.23954,14.732746]}},{"type":"Feature","properties":{"ENTITY":"Insert","LAYER":"0","ELEVATION":0.0,"THICKNESS":0.0,"COLOR":7.0,"NOM":"NDIOUSSE","NUM_VILLAG":"03-214-014","X_UTM":"356626","Y_UTM":"1642488"},"bbox":[-16.332607,14.852939,-16.332607,14.852939],"geometry":{"type":"Point","coordinates":[-16.332607,14.852939]}},{"type":"Feature","properties":{"ENTITY":"Insert","LAYER":"0","ELEVATION":0.0,"THICKNESS":0.0,"COLOR":7.0,"NOM":"NDJIGUEUL I","NUM_VILLAG":"03-213-028","X_UTM":"367344","Y_UTM":"1649177"},"bbox":[-16.233349,14.913959,-16.233349,14.913959],"geometry":{"type":"Point","coordinates":[-16.233349,14.913959]}},{"type":"Feature","properties":{"ENTITY":"Insert","LAYER":"0","ELEVATION":0.0,"THICKNESS":0.0,"COLOR":7.0,"NOM":"NDJIGUEUL II","NUM_VILLAG":"03-213-015","X_UTM":"367614","Y_UTM":"1649154"},"bbox":[-16.230838,14.913764,-16.230838,14.913764],"geometry":{"type":"Point","coordinates":[-16.230838,14.913764]}},{"type":"Feature","properties":{"ENTITY":"Insert","LAYER":"0","ELEVATION":0.0,"THICKNESS":0.0,"COLOR":7.0,"NOM":"NDJISSE","NUM_VILLAG":"03-222-027","X_UTM":"359542","Y_UTM":"1618032"},"bbox":[-16.304193,14.632035,-16.304193,14.632035],"geometry":{"type":"Point","coordinates":[-16.304193,14.632035]}},{"type":"Feature","properties":{"ENTITY":"Insert","LAYER":"0","ELEVATION":0.0,"THICKNESS":0.0,"COLOR":7.0,"NOM":"NDJISSE","NUM_VILLAG":"03-222-027","X_UTM":"357096","Y_UTM":"1616228"},"bbox":[-16.326802,14.615601,-16.326802,14.615601],"geometry":{"type":"Point","coordinates":[-16.326802,14.615601]}},{"type":"Feature","properties":{"ENTITY":"Insert","LAYER":"0","ELEVATION":0.0,"THICKNESS":0.0,"COLOR":7.0,"NOM":"NDJITHIAR","NUM_VILLAG":"03-215-025","X_UTM":"357230","Y_UTM":"1637526"},"bbox":[-16.326721,14.808121,-16.326721,14.808121],"geometry":{"type":"Point","coordinates":[-16.326721,14.808121]}},{"type":"Feature","properties":{"ENTITY":"Insert","LAYER":"0","ELEVATION":0.0,"THICKNESS":0.0,"COLOR":7.0,"NOM":"NDOFFENE","NUM_VILLAG":"03-222-028","X_UTM":"362589","Y_UTM":"1618110"},"bbox":[-16.27591,14.632897,-16.27591,14.632897],"geometry":{"type":"Point","coordinates":[-16.27591,14.632897]}},{"type":"Feature","properties":{"ENTITY":"Insert","LAYER":"0","ELEVATION":0.0,"THICKNESS":0.0,"COLOR":7.0,"NOM":"NDOGAL SANTHIE","NUM_VILLAG":"03-212-019","X_UTM":"360198","Y_UTM":"1653674"},"bbox":[-16.30002,14.954239,-16.30002,14.954239],"geometry":{"type":"Point","coordinates":[-16.30002,14.954239]}},{"type":"Feature","properties":{"ENTITY":"Insert","LAYER":"0","ELEVATION":0.0,"THICKNESS":0.0,"COLOR":7.0,"NOM":"NDOMBOUR","NUM_VILLAG":"03-214-015","X_UTM":"359996","Y_UTM":"1644763"},"bbox":[-16.301414,14.873683,-16.301414,14.873683],"geometry":{"type":"Point","coordinates":[-16.301414,14.873683]}},{"type":"Feature","properties":{"ENTITY":"Insert","LAYER":"0","ELEVATION":0.0,"THICKNESS":0.0,"COLOR":7.0,"NOM":"NDONGHENE","NUM_VILLAG":"03-223-022","X_UTM":"378584","Y_UTM":"1626379"},"bbox":[-16.127795,14.708413,-16.127795,14.708413],"geometry":{"type":"Point","coordinates":[-16.127795,14.708413]}},{"type":"Feature","properties":{"ENTITY":"Insert","LAYER":"0","ELEVATION":0.0,"THICKNESS":0.0,"COLOR":7.0,"NOM":"NDOUCOUMANE","NUM_VILLAG":"03-212-020","X_UTM":"359356","Y_UTM":"1657388"},"bbox":[-16.308052,14.987765,-16.308052,14.987765],"geometry":{"type":"Point","coordinates":[-16.308052,14.987765]}},{"type":"Feature","properties":{"ENTITY":"Insert","LAYER":"0","ELEVATION":0.0,"THICKNESS":0.0,"COLOR":7.0,"NOM":"NDOUCOURA","NUM_VILLAG":"03-221-030","X_UTM":"377218","Y_UTM":"1630769"},"bbox":[-16.140688,14.748035,-16.140688,14.748035],"geometry":{"type":"Point","coordinates":[-16.140688,14.748035]}},{"type":"Feature","properties":{"ENTITY":"Insert","LAYER":"0","ELEVATION":0.0,"THICKNESS":0.0,"COLOR":7.0,"NOM":"NDOUCOUWANE","NUM_VILLAG":"03-225-017","X_UTM":"362573","Y_UTM":"1624774"},"bbox":[-16.276407,14.693134,-16.276407,14.693134],"geometry":{"type":"Point","coordinates":[-16.276407,14.693134]}},{"type":"Feature","properties":{"ENTITY":"Insert","LAYER":"0","ELEVATION":0.0,"THICKNESS":0.0,"COLOR":7.0,"NOM":"NDOUDOYE","NUM_VILLAG":"03-223-023","X_UTM":"381524","Y_UTM":"1618869"},"bbox":[-16.100151,14.640655,-16.100151,14.640655],"geometry":{"type":"Point","coordinates":[-16.100151,14.640655]}},{"type":"Feature","properties":{"ENTITY":"Insert","LAYER":"0","ELEVATION":0.0,"THICKNESS":0.0,"COLOR":7.0,"NOM":"NDOUGOUBENE","NUM_VILLAG":"03-212-021","X_UTM":"356314","Y_UTM":"1650546"},"bbox":[-16.335956,14.925758,-16.335956,14.925758],"geometry":{"type":"Point","coordinates":[-16.335956,14.925758]}},{"type":"Feature","properties":{"ENTITY":"Insert","LAYER":"0","ELEVATION":0.0,"THICKNESS":0.0,"COLOR":7.0,"NOM":"NDOULO","NUM_VILLAG":"03-221-031","X_UTM":"380539","Y_UTM":"1629664"},"bbox":[-16.109788,14.738196,-16.109788,14.738196],"geometry":{"type":"Point","coordinates":[-16.109788,14.738196]}},{"type":"Feature","properties":{"ENTITY":"Insert","LAYER":"0","ELEVATION":0.0,"THICKNESS":0.0,"COLOR":7.0,"NOM":"NDOULO PEULH","NUM_VILLAG":"03-221-032","X_UTM":"381139","Y_UTM":"1629216"},"bbox":[-16.104195,14.734173,-16.104195,14.734173],"geometry":{"type":"Point","coordinates":[-16.104195,14.734173]}},{"type":"Feature","properties":{"ENTITY":"Insert","LAYER":"0","ELEVATION":0.0,"THICKNESS":0.0,"COLOR":7.0,"NOM":"NDOULOU PEUL MBOUKI","NUM_VILLAG":"03-221-999","X_UTM":"381244","Y_UTM":"1628869"},"bbox":[-16.103204,14.731041,-16.103204,14.731041],"geometry":{"type":"Point","coordinates":[-16.103204,14.731041]}},{"type":"Feature","properties":{"ENTITY":"Insert","LAYER":"0","ELEVATION":0.0,"THICKNESS":0.0,"COLOR":7.0,"NOM":"NDOUMBE","NUM_VILLAG":"03-225-018","X_UTM":"368310","Y_UTM":"1630026"},"bbox":[-16.223396,14.740896,-16.223396,14.740896],"geometry":{"type":"Point","coordinates":[-16.223396,14.740896]}},{"type":"Feature","properties":{"ENTITY":"Insert","LAYER":"0","ELEVATION":0.0,"THICKNESS":0.0,"COLOR":7.0,"NOM":"NEBE SERERE","NUM_VILLAG":"03-224-029","X_UTM":"371386","Y_UTM":"1615778"},"bbox":[-16.194125,14.61225,-16.194125,14.61225],"geometry":{"type":"Point","coordinates":[-16.194125,14.61225]}},{"type":"Feature","properties":{"ENTITY":"Insert","LAYER":"0","ELEVATION":0.0,"THICKNESS":0.0,"COLOR":7.0,"NOM":"NEBE TEUGH","NUM_VILLAG":"03-224-030","X_UTM":"371628","Y_UTM":"1615378"},"bbox":[-16.191859,14.608646,-16.191859,14.608646],"geometry":{"type":"Point","coordinates":[-16.191859,14.608646]}},{"type":"Feature","properties":{"ENTITY":"Insert","LAYER":"0","ELEVATION":0.0,"THICKNESS":0.0,"COLOR":7.0,"NOM":"NENE","NUM_VILLAG":"03-224-031","X_UTM":"378248","Y_UTM":"1616325"},"bbox":[-16.130449,14.617512,-16.130449,14.617512],"geometry":{"type":"Point","coordinates":[-16.130449,14.617512]}},{"type":"Feature","properties":{"ENTITY":"Insert","LAYER":"0","ELEVATION":0.0,"THICKNESS":0.0,"COLOR":7.0,"NOM":"NGABOU","NUM_VILLAG":"03-215-026","X_UTM":"357531","Y_UTM":"1640224"},"bbox":[-16.324073,14.832524,-16.324073,14.832524],"geometry":{"type":"Point","coordinates":[-16.324073,14.832524]}},{"type":"Feature","properties":{"ENTITY":"Insert","LAYER":"0","ELEVATION":0.0,"THICKNESS":0.0,"COLOR":7.0,"NOM":"NGALAGNE","NUM_VILLAG":"03-225-019","X_UTM":"368115","Y_UTM":"1626280"},"bbox":[-16.225018,14.707025,-16.225018,14.707025],"geometry":{"type":"Point","coordinates":[-16.225018,14.707025]}},{"type":"Feature","properties":{"ENTITY":"Insert","LAYER":"0","ELEVATION":0.0,"THICKNESS":0.0,"COLOR":7.0,"NOM":"NGANKAL OUOLOF","NUM_VILLAG":"03-214-017","X_UTM":"355019","Y_UTM":"1640038"},"bbox":[-16.347404,14.830707,-16.347404,14.830707],"geometry":{"type":"Point","coordinates":[-16.347404,14.830707]}},{"type":"Feature","properties":{"ENTITY":"Insert","LAYER":"0","ELEVATION":0.0,"THICKNESS":0.0,"COLOR":7.0,"NOM":"NGANKAL PEULH","NUM_VILLAG":"03-214-016","X_UTM":"354996","Y_UTM":"1639759"},"bbox":[-16.347602,14.828184,-16.347602,14.828184],"geometry":{"type":"Point","coordinates":[-16.347602,14.828184]}},{"type":"Feature","properties":{"ENTITY":"Insert","LAYER":"0","ELEVATION":0.0,"THICKNESS":0.0,"COLOR":7.0,"NOM":"NGARAFF","NUM_VILLAG":"03-223-024","X_UTM":"373074","Y_UTM":"1627632"},"bbox":[-16.179029,14.719485,-16.179029,14.719485],"geometry":{"type":"Point","coordinates":[-16.179029,14.719485]}},{"type":"Feature","properties":{"ENTITY":"Insert","LAYER":"0","ELEVATION":0.0,"THICKNESS":0.0,"COLOR":7.0,"NOM":"NGAWAO","NUM_VILLAG":"03-214-018","X_UTM":"362007","Y_UTM":"1643317"},"bbox":[-16.282646,14.860717,-16.282646,14.860717],"geometry":{"type":"Point","coordinates":[-16.282646,14.860717]}},{"type":"Feature","properties":{"ENTITY":"Insert","LAYER":"0","ELEVATION":0.0,"THICKNESS":0.0,"COLOR":7.0,"NOM":"NGAYE","NUM_VILLAG":"03-213-030","X_UTM":"367881","Y_UTM":"1639233"},"bbox":[-16.227848,14.824099,-16.227848,14.824099],"geometry":{"type":"Point","coordinates":[-16.227848,14.824099]}},{"type":"Feature","properties":{"ENTITY":"Insert","LAYER":"0","ELEVATION":0.0,"THICKNESS":0.0,"COLOR":7.0,"NOM":"NGAYE NGAYE","NUM_VILLAG":"03-213-029","X_UTM":"366548","Y_UTM":"1648220"},"bbox":[-16.240698,14.905268,-16.240698,14.905268],"geometry":{"type":"Point","coordinates":[-16.240698,14.905268]}},{"type":"Feature","properties":{"ENTITY":"Insert","LAYER":"0","ELEVATION":0.0,"THICKNESS":0.0,"COLOR":7.0,"NOM":"NGAYENE","NUM_VILLAG":"03-221-033","X_UTM":"377196","Y_UTM":"1628145"},"bbox":[-16.140769,14.724314,-16.140769,14.724314],"geometry":{"type":"Point","coordinates":[-16.140769,14.724314]}},{"type":"Feature","properties":{"ENTITY":"Insert","LAYER":"0","ELEVATION":0.0,"THICKNESS":0.0,"COLOR":7.0,"NOM":"NGHOSSE","NUM_VILLAG":"03-213-031","X_UTM":"371829","Y_UTM":"1641159"},"bbox":[-16.191259,14.841702,-16.191259,14.841702],"geometry":{"type":"Point","coordinates":[-16.191259,14.841702]}},{"type":"Feature","properties":{"ENTITY":"Insert","LAYER":"0","ELEVATION":0.0,"THICKNESS":0.0,"COLOR":7.0,"NOM":"NGODJILEME","NUM_VILLAG":"03-222-029","X_UTM":"360093","Y_UTM":"1618269"},"bbox":[-16.29909,14.634206,-16.29909,14.634206],"geometry":{"type":"Point","coordinates":[-16.29909,14.634206]}},{"type":"Feature","properties":{"ENTITY":"Insert","LAYER":"0","ELEVATION":0.0,"THICKNESS":0.0,"COLOR":7.0,"NOM":"NGOGNICK","NUM_VILLAG":"03-224-032","X_UTM":"370516","Y_UTM":"1615189"},"bbox":[-16.202173,14.606884,-16.202173,14.606884],"geometry":{"type":"Point","coordinates":[-16.202173,14.606884]}},{"type":"Feature","properties":{"ENTITY":"Insert","LAYER":"0","ELEVATION":0.0,"THICKNESS":0.0,"COLOR":7.0,"NOM":"NGOGNICK MIGNANE","NUM_VILLAG":"03-224-033","X_UTM":"370692","Y_UTM":"1615222"},"bbox":[-16.200541,14.607191,-16.200541,14.607191],"geometry":{"type":"Point","coordinates":[-16.200541,14.607191]}},{"type":"Feature","properties":{"ENTITY":"Insert","LAYER":"0","ELEVATION":0.0,"THICKNESS":0.0,"COLOR":7.0,"NOM":"NGOKOL","NUM_VILLAG":"03-225-020","X_UTM":"366407","Y_UTM":"1625203"},"bbox":[-16.240825,14.697205,-16.240825,14.697205],"geometry":{"type":"Point","coordinates":[-16.240825,14.697205]}},{"type":"Feature","properties":{"ENTITY":"Insert","LAYER":"0","ELEVATION":0.0,"THICKNESS":0.0,"COLOR":7.0,"NOM":"NGOMENE","NUM_VILLAG":"03-224-035","X_UTM":"374769","Y_UTM":"1611847"},"bbox":[-16.162534,14.576874,-16.162534,14.576874],"geometry":{"type":"Point","coordinates":[-16.162534,14.576874]}},{"type":"Feature","properties":{"ENTITY":"Insert","LAYER":"0","ELEVATION":0.0,"THICKNESS":0.0,"COLOR":7.0,"NOM":"NGOUDIODJE","NUM_VILLAG":"03-221-034","X_UTM":"382399","Y_UTM":"1622563"},"bbox":[-16.092192,14.674087,-16.092192,14.674087],"geometry":{"type":"Point","coordinates":[-16.092192,14.674087]}},{"type":"Feature","properties":{"ENTITY":"Insert","LAYER":"0","ELEVATION":0.0,"THICKNESS":0.0,"COLOR":7.0,"NOM":"NGOULE","NUM_VILLAG":"03-224-036","X_UTM":"374693","Y_UTM":"1614269"},"bbox":[-16.163354,14.598764,-16.163354,14.598764],"geometry":{"type":"Point","coordinates":[-16.163354,14.598764]}},{"type":"Feature","properties":{"ENTITY":"Insert","LAYER":"0","ELEVATION":0.0,"THICKNESS":0.0,"COLOR":7.0,"NOM":"NGOUYE","NUM_VILLAG":"03-215-027","X_UTM":"366713","Y_UTM":"1636830"},"bbox":[-16.238578,14.80232,-16.238578,14.80232],"geometry":{"type":"Point","coordinates":[-16.238578,14.80232]}},{"type":"Feature","properties":{"ENTITY":"Insert","LAYER":"0","ELEVATION":0.0,"THICKNESS":0.0,"COLOR":7.0,"NOM":"NGUEUTE","NUM_VILLAG":"03-212-022","X_UTM":"355118","Y_UTM":"1651763"},"bbox":[-16.347142,14.936693,-16.347142,14.936693],"geometry":{"type":"Point","coordinates":[-16.347142,14.936693]}},{"type":"Feature","properties":{"ENTITY":"Insert","LAYER":"0","ELEVATION":0.0,"THICKNESS":0.0,"COLOR":7.0,"NOM":"NGUEYE NGUEYE","NUM_VILLAG":"03-211-019","X_UTM":"375160","Y_UTM":"1642241"},"bbox":[-16.160356,14.851641,-16.160356,14.851641],"geometry":{"type":"Point","coordinates":[-16.160356,14.851641]}},{"type":"Feature","properties":{"ENTITY":"Insert","LAYER":"0","ELEVATION":0.0,"THICKNESS":0.0,"COLOR":7.0,"NOM":"NGUEYENE","NUM_VILLAG":"03-213-032","X_UTM":"367677","Y_UTM":"1641832"},"bbox":[-16.229877,14.847582,-16.229877,14.847582],"geometry":{"type":"Point","coordinates":[-16.229877,14.847582]}},{"type":"Feature","properties":{"ENTITY":"Insert","LAYER":"0","ELEVATION":0.0,"THICKNESS":0.0,"COLOR":7.0,"NOM":"NIANGHE","NUM_VILLAG":"03-221-035","X_UTM":"380719","Y_UTM":"1634665"},"bbox":[-16.108345,14.783412,-16.108345,14.783412],"geometry":{"type":"Point","coordinates":[-16.108345,14.783412]}},{"type":"Feature","properties":{"ENTITY":"Insert","LAYER":"0","ELEVATION":0.0,"THICKNESS":0.0,"COLOR":7.0,"NOM":"NIANGHENE","NUM_VILLAG":"03-225-021","X_UTM":"372602","Y_UTM":"1630700"},"bbox":[-16.183562,14.747196,-16.183562,14.747196],"geometry":{"type":"Point","coordinates":[-16.183562,14.747196]}},{"type":"Feature","properties":{"ENTITY":"Insert","LAYER":"0","ELEVATION":0.0,"THICKNESS":0.0,"COLOR":7.0,"NOM":"NIORO BADEME","NUM_VILLAG":"03-214-019","X_UTM":"357901","Y_UTM":"1644160"},"bbox":[-16.320851,14.868121,-16.320851,14.868121],"geometry":{"type":"Point","coordinates":[-16.320851,14.868121]}},{"type":"Feature","properties":{"ENTITY":"Insert","LAYER":"0","ELEVATION":0.0,"THICKNESS":0.0,"COLOR":7.0,"NOM":"NKHEUL","NUM_VILLAG":"03-215-028","X_UTM":"358023","Y_UTM":"1634542"},"bbox":[-16.31919,14.781191,-16.31919,14.781191],"geometry":{"type":"Point","coordinates":[-16.31919,14.781191]}},{"type":"Feature","properties":{"ENTITY":"Insert","LAYER":"0","ELEVATION":0.0,"THICKNESS":0.0,"COLOR":7.0,"NOM":"PAL SECK","NUM_VILLAG":"03-225-022","X_UTM":"373314","Y_UTM":"1633915"},"bbox":[-16.177105,14.776291,-16.177105,14.776291],"geometry":{"type":"Point","coordinates":[-16.177105,14.776291]}},{"type":"Feature","properties":{"ENTITY":"Insert","LAYER":"0","ELEVATION":0.0,"THICKNESS":0.0,"COLOR":7.0,"NOM":"PALLENE","NUM_VILLAG":"03-215-029","X_UTM":"362532","Y_UTM":"1644302"},"bbox":[-16.27782,14.869648,-16.27782,14.869648],"geometry":{"type":"Point","coordinates":[-16.27782,14.869648]}},{"type":"Feature","properties":{"ENTITY":"Insert","LAYER":"0","ELEVATION":0.0,"THICKNESS":0.0,"COLOR":7.0,"NOM":"PATAR","NUM_VILLAG":"03-223-025","X_UTM":"375592","Y_UTM":"1626241"},"bbox":[-16.155576,14.707029,-16.155576,14.707029],"geometry":{"type":"Point","coordinates":[-16.155576,14.707029]}},{"type":"Feature","properties":{"ENTITY":"Insert","LAYER":"0","ELEVATION":0.0,"THICKNESS":0.0,"COLOR":7.0,"NOM":"PAYE PAYE","NUM_VILLAG":"03-213-033","X_UTM":"367570","Y_UTM":"1636685"},"bbox":[-16.230608,14.801052,-16.230608,14.801052],"geometry":{"type":"Point","coordinates":[-16.230608,14.801052]}},{"type":"Feature","properties":{"ENTITY":"Insert","LAYER":"0","ELEVATION":0.0,"THICKNESS":0.0,"COLOR":7.0,"NOM":"PAYENE","NUM_VILLAG":"03-225-023","X_UTM":"366345","Y_UTM":"1630899"},"bbox":[-16.241692,14.74869,-16.241692,14.74869],"geometry":{"type":"Point","coordinates":[-16.241692,14.74869]}},{"type":"Feature","properties":{"ENTITY":"Insert","LAYER":"0","ELEVATION":0.0,"THICKNESS":0.0,"COLOR":7.0,"NOM":"PEO FALL","NUM_VILLAG":"03-214-020","X_UTM":"360891","Y_UTM":"1650648"},"bbox":[-16.293413,14.926924,-16.293413,14.926924],"geometry":{"type":"Point","coordinates":[-16.293413,14.926924]}},{"type":"Feature","properties":{"ENTITY":"Insert","LAYER":"0","ELEVATION":0.0,"THICKNESS":0.0,"COLOR":7.0,"NOM":"PETIT MBEYE","NUM_VILLAG":"03-221-036","X_UTM":"380718","Y_UTM":"1634511"},"bbox":[-16.108348,14.782019,-16.108348,14.782019],"geometry":{"type":"Point","coordinates":[-16.108348,14.782019]}},{"type":"Feature","properties":{"ENTITY":"Insert","LAYER":"0","ELEVATION":0.0,"THICKNESS":0.0,"COLOR":7.0,"NOM":"PIDJI","NUM_VILLAG":"03-224-037","X_UTM":"368121","Y_UTM":"1612768"},"bbox":[-16.224284,14.584884,-16.224284,14.584884],"geometry":{"type":"Point","coordinates":[-16.224284,14.584884]}},{"type":"Feature","properties":{"ENTITY":"Insert","LAYER":"0","ELEVATION":0.0,"THICKNESS":0.0,"COLOR":7.0,"NOM":"POBE","NUM_VILLAG":"03-224-038","X_UTM":"382571","Y_UTM":"1615428"},"bbox":[-16.090276,14.609595,-16.090276,14.609595],"geometry":{"type":"Point","coordinates":[-16.090276,14.609595]}},{"type":"Feature","properties":{"ENTITY":"Insert","LAYER":"0","ELEVATION":0.0,"THICKNESS":0.0,"COLOR":7.0,"NOM":"POUTE NDIATHI","NUM_VILLAG":"03-224-039","X_UTM":"375533","Y_UTM":"1614719"},"bbox":[-16.155578,14.602871,-16.155578,14.602871],"geometry":{"type":"Point","coordinates":[-16.155578,14.602871]}},{"type":"Feature","properties":{"ENTITY":"Insert","LAYER":"0","ELEVATION":0.0,"THICKNESS":0.0,"COLOR":7.0,"NOM":"SAKAL","NUM_VILLAG":"03-225-024","X_UTM":"365551","Y_UTM":"1625104"},"bbox":[-16.248769,14.696267,-16.248769,14.696267],"geometry":{"type":"Point","coordinates":[-16.248769,14.696267]}},{"type":"Feature","properties":{"ENTITY":"Insert","LAYER":"0","ELEVATION":0.0,"THICKNESS":0.0,"COLOR":7.0,"NOM":"SALAO GNINGUENE","NUM_VILLAG":"03-215-030","X_UTM":"365443","Y_UTM":"1637244"},"bbox":[-16.250399,14.805998,-16.250399,14.805998],"geometry":{"type":"Point","coordinates":[-16.250399,14.805998]}},{"type":"Feature","properties":{"ENTITY":"Insert","LAYER":"0","ELEVATION":0.0,"THICKNESS":0.0,"COLOR":7.0,"NOM":"SALAO NIOLE","NUM_VILLAG":"03-215-031","X_UTM":"365472","Y_UTM":"1636917"},"bbox":[-16.250113,14.803044,-16.250113,14.803044],"geometry":{"type":"Point","coordinates":[-16.250113,14.803044]}},{"type":"Feature","properties":{"ENTITY":"Insert","LAYER":"0","ELEVATION":0.0,"THICKNESS":0.0,"COLOR":7.0,"NOM":"SALMENE","NUM_VILLAG":"03-222-030","X_UTM":"360885","Y_UTM":"1617410"},"bbox":[-16.291692,14.626483,-16.291692,14.626483],"geometry":{"type":"Point","coordinates":[-16.291692,14.626483]}},{"type":"Feature","properties":{"ENTITY":"Insert","LAYER":"0","ELEVATION":0.0,"THICKNESS":0.0,"COLOR":7.0,"NOM":"SAMBE DIGUE","NUM_VILLAG":"03-223-026","X_UTM":"374690","Y_UTM":"1625324"},"bbox":[-16.163909,14.698697,-16.163909,14.698697],"geometry":{"type":"Point","coordinates":[-16.163909,14.698697]}},{"type":"Feature","properties":{"ENTITY":"Insert","LAYER":"0","ELEVATION":0.0,"THICKNESS":0.0,"COLOR":7.0,"NOM":"SAMBE GUINTE","NUM_VILLAG":"03-223-027","X_UTM":"373530","Y_UTM":"1625753"},"bbox":[-16.174703,14.702521,-16.174703,14.702521],"geometry":{"type":"Point","coordinates":[-16.174703,14.702521]}},{"type":"Feature","properties":{"ENTITY":"Insert","LAYER":"0","ELEVATION":0.0,"THICKNESS":0.0,"COLOR":7.0,"NOM":"SAMBE MOURIDE","NUM_VILLAG":"03-223-028","X_UTM":"374106","Y_UTM":"1628092"},"bbox":[-16.169466,14.723692,-16.169466,14.723692],"geometry":{"type":"Point","coordinates":[-16.169466,14.723692]}},{"type":"Feature","properties":{"ENTITY":"Insert","LAYER":"0","ELEVATION":0.0,"THICKNESS":0.0,"COLOR":7.0,"NOM":"SAMBE PEULH I","NUM_VILLAG":"03-223-029","X_UTM":"377499","Y_UTM":"1624848"},"bbox":[-16.1378,14.694524,-16.1378,14.694524],"geometry":{"type":"Point","coordinates":[-16.1378,14.694524]}},{"type":"Feature","properties":{"ENTITY":"Insert","LAYER":"0","ELEVATION":0.0,"THICKNESS":0.0,"COLOR":7.0,"NOM":"SAMBE PEULH II","NUM_VILLAG":"03-223-030","X_UTM":"377026","Y_UTM":"1624626"},"bbox":[-16.142182,14.692495,-16.142182,14.692495],"geometry":{"type":"Point","coordinates":[-16.142182,14.692495]}},{"type":"Feature","properties":{"ENTITY":"Insert","LAYER":"0","ELEVATION":0.0,"THICKNESS":0.0,"COLOR":7.0,"NOM":"SAMBE TOKOSSONE I","NUM_VILLAG":"03-223-031","X_UTM":"373787","Y_UTM":"1623999"},"bbox":[-16.172232,14.686678,-16.172232,14.686678],"geometry":{"type":"Point","coordinates":[-16.172232,14.686678]}},{"type":"Feature","properties":{"ENTITY":"Insert","LAYER":"0","ELEVATION":0.0,"THICKNESS":0.0,"COLOR":7.0,"NOM":"SAMBE TOKOSSONE II","NUM_VILLAG":"03-223-032","X_UTM":"374324","Y_UTM":"1624746"},"bbox":[-16.167281,14.693455,-16.167281,14.693455],"geometry":{"type":"Point","coordinates":[-16.167281,14.693455]}},{"type":"Feature","properties":{"ENTITY":"Insert","LAYER":"0","ELEVATION":0.0,"THICKNESS":0.0,"COLOR":7.0,"NOM":"SANTHIOU MBAMBE","NUM_VILLAG":"03-215-032","X_UTM":"361887","Y_UTM":"1635534"},"bbox":[-16.283347,14.79036,-16.283347,14.79036],"geometry":{"type":"Point","coordinates":[-16.283347,14.79036]}},{"type":"Feature","properties":{"ENTITY":"Insert","LAYER":"0","ELEVATION":0.0,"THICKNESS":0.0,"COLOR":7.0,"NOM":"SAREME MOURIDE","NUM_VILLAG":"03-225-025","X_UTM":"364237","Y_UTM":"1628146"},"bbox":[-16.26113,14.723699,-16.26113,14.723699],"geometry":{"type":"Point","coordinates":[-16.26113,14.723699]}},{"type":"Feature","properties":{"ENTITY":"Insert","LAYER":"0","ELEVATION":0.0,"THICKNESS":0.0,"COLOR":7.0,"NOM":"SAREME OUOLOF","NUM_VILLAG":"03-225-027","X_UTM":"365323","Y_UTM":"1627220"},"bbox":[-16.250996,14.715383,-16.250996,14.715383],"geometry":{"type":"Point","coordinates":[-16.250996,14.715383]}},{"type":"Feature","properties":{"ENTITY":"Insert","LAYER":"0","ELEVATION":0.0,"THICKNESS":0.0,"COLOR":7.0,"NOM":"SAREME SERERE","NUM_VILLAG":"03-225-026","X_UTM":"364665","Y_UTM":"1624302"},"bbox":[-16.256956,14.688973,-16.256956,14.688973],"geometry":{"type":"Point","coordinates":[-16.256956,14.688973]}},{"type":"Feature","properties":{"ENTITY":"Insert","LAYER":"0","ELEVATION":0.0,"THICKNESS":0.0,"COLOR":7.0,"NOM":"SASSE","NUM_VILLAG":"03-223-033","X_UTM":"378482","Y_UTM":"1619464"},"bbox":[-16.128422,14.645899,-16.128422,14.645899],"geometry":{"type":"Point","coordinates":[-16.128422,14.645899]}},{"type":"Feature","properties":{"ENTITY":"Insert","LAYER":"0","ELEVATION":0.0,"THICKNESS":0.0,"COLOR":7.0,"NOM":"SEBANE","NUM_VILLAG":"03-224-040","X_UTM":"372666","Y_UTM":"1615986"},"bbox":[-16.182253,14.614191,-16.182253,14.614191],"geometry":{"type":"Point","coordinates":[-16.182253,14.614191]}},{"type":"Feature","properties":{"ENTITY":"Insert","LAYER":"0","ELEVATION":0.0,"THICKNESS":0.0,"COLOR":7.0,"NOM":"SEBANE","NUM_VILLAG":"03-224-040","X_UTM":"371768","Y_UTM":"1616786"},"bbox":[-16.190628,14.62138,-16.190628,14.62138],"geometry":{"type":"Point","coordinates":[-16.190628,14.62138]}},{"type":"Feature","properties":{"ENTITY":"Insert","LAYER":"0","ELEVATION":0.0,"THICKNESS":0.0,"COLOR":7.0,"NOM":"SEMBENE","NUM_VILLAG":"03-225-028","X_UTM":"362743","Y_UTM":"1627719"},"bbox":[-16.274983,14.719763,-16.274983,14.719763],"geometry":{"type":"Point","coordinates":[-16.274983,14.719763]}},{"type":"Feature","properties":{"ENTITY":"Insert","LAYER":"0","ELEVATION":0.0,"THICKNESS":0.0,"COLOR":7.0,"NOM":"SIDAYE","NUM_VILLAG":"03-224-041","X_UTM":"385097","Y_UTM":"1612214"},"bbox":[-16.066686,14.580649,-16.066686,14.580649],"geometry":{"type":"Point","coordinates":[-16.066686,14.580649]}},{"type":"Feature","properties":{"ENTITY":"Insert","LAYER":"0","ELEVATION":0.0,"THICKNESS":0.0,"COLOR":7.0,"NOM":"SIGUIDIADJI","NUM_VILLAG":"03-215-033","X_UTM":"364881","Y_UTM":"1635744"},"bbox":[-16.255542,14.792411,-16.255542,14.792411],"geometry":{"type":"Point","coordinates":[-16.255542,14.792411]}},{"type":"Feature","properties":{"ENTITY":"Insert","LAYER":"0","ELEVATION":0.0,"THICKNESS":0.0,"COLOR":7.0,"NOM":"SINDIANE","NUM_VILLAG":"03-222-031","X_UTM":"359931","Y_UTM":"1618029"},"bbox":[-16.300581,14.632028,-16.300581,14.632028],"geometry":{"type":"Point","coordinates":[-16.300581,14.632028]}},{"type":"Feature","properties":{"ENTITY":"Insert","LAYER":"0","ELEVATION":0.0,"THICKNESS":0.0,"COLOR":7.0,"NOM":"SOBEME","NUM_VILLAG":"03-222-032","X_UTM":"357601","Y_UTM":"1618473"},"bbox":[-16.322236,14.63592,-16.322236,14.63592],"geometry":{"type":"Point","coordinates":[-16.322236,14.63592]}},{"type":"Feature","properties":{"ENTITY":"Insert","LAYER":"0","ELEVATION":0.0,"THICKNESS":0.0,"COLOR":7.0,"NOM":"SOBMACK","NUM_VILLAG":"03-222-033","X_UTM":"360711","Y_UTM":"1617408"},"bbox":[-16.293307,14.626455,-16.293307,14.626455],"geometry":{"type":"Point","coordinates":[-16.293307,14.626455]}},{"type":"Feature","properties":{"ENTITY":"Insert","LAYER":"0","ELEVATION":0.0,"THICKNESS":0.0,"COLOR":7.0,"NOM":"SOUNE","NUM_VILLAG":"03-212-023","X_UTM":"359277","Y_UTM":"1649377"},"bbox":[-16.308348,14.91535,-16.308348,14.91535],"geometry":{"type":"Point","coordinates":[-16.308348,14.91535]}},{"type":"Feature","properties":{"ENTITY":"Insert","LAYER":"0","ELEVATION":0.0,"THICKNESS":0.0,"COLOR":7.0,"NOM":"SOUPANE","NUM_VILLAG":"03-224-042","X_UTM":"369701","Y_UTM":"1615210"},"bbox":[-16.209739,14.607035,-16.209739,14.607035],"geometry":{"type":"Point","coordinates":[-16.209739,14.607035]}},{"type":"Feature","properties":{"ENTITY":"Insert","LAYER":"0","ELEVATION":0.0,"THICKNESS":0.0,"COLOR":7.0,"NOM":"SOUSSE","NUM_VILLAG":"03-225-029","X_UTM":"364068","Y_UTM":"1624613"},"bbox":[-16.262516,14.691754,-16.262516,14.691754],"geometry":{"type":"Point","coordinates":[-16.262516,14.691754]}},{"type":"Feature","properties":{"ENTITY":"Insert","LAYER":"0","ELEVATION":0.0,"THICKNESS":0.0,"COLOR":7.0,"NOM":"SOW KHARY","NUM_VILLAG":"03-221-037","X_UTM":"381288","Y_UTM":"1634484"},"bbox":[-16.103051,14.781801,-16.103051,14.781801],"geometry":{"type":"Point","coordinates":[-16.103051,14.781801]}},{"type":"Feature","properties":{"ENTITY":"Insert","LAYER":"0","ELEVATION":0.0,"THICKNESS":0.0,"COLOR":7.0,"NOM":"TAIBA BEPPE","NUM_VILLAG":"03-212-024","X_UTM":"353452","Y_UTM":"1649740"},"bbox":[-16.362514,14.918315,-16.362514,14.918315],"geometry":{"type":"Point","coordinates":[-16.362514,14.918315]}},{"type":"Feature","properties":{"ENTITY":"Insert","LAYER":"0","ELEVATION":0.0,"THICKNESS":0.0,"COLOR":7.0,"NOM":"TAIBA DIAGNE I","NUM_VILLAG":"03-213-034","X_UTM":"365068","Y_UTM":"1651364"},"bbox":[-16.25462,14.933612,-16.25462,14.933612],"geometry":{"type":"Point","coordinates":[-16.25462,14.933612]}},{"type":"Feature","properties":{"ENTITY":"Insert","LAYER":"0","ELEVATION":0.0,"THICKNESS":0.0,"COLOR":7.0,"NOM":"TAIBA DIAGNE II","NUM_VILLAG":"03-213-035","X_UTM":"364324","Y_UTM":"1651564"},"bbox":[-16.261548,14.935382,-16.261548,14.935382],"geometry":{"type":"Point","coordinates":[-16.261548,14.935382]}},{"type":"Feature","properties":{"ENTITY":"Insert","LAYER":"0","ELEVATION":0.0,"THICKNESS":0.0,"COLOR":7.0,"NOM":"TAIBA KALOM","NUM_VILLAG":"03-212-025","X_UTM":"357895","Y_UTM":"1647523"},"bbox":[-16.321092,14.898518,-16.321092,14.898518],"geometry":{"type":"Point","coordinates":[-16.321092,14.898518]}},{"type":"Feature","properties":{"ENTITY":"Insert","LAYER":"0","ELEVATION":0.0,"THICKNESS":0.0,"COLOR":7.0,"NOM":"TAIBA KHAYE","NUM_VILLAG":"03-212-026","X_UTM":"354516","Y_UTM":"1648747"},"bbox":[-16.352568,14.909399,-16.352568,14.909399],"geometry":{"type":"Point","coordinates":[-16.352568,14.909399]}},{"type":"Feature","properties":{"ENTITY":"Insert","LAYER":"0","ELEVATION":0.0,"THICKNESS":0.0,"COLOR":7.0,"NOM":"TAIBA MOUTOUPHA","NUM_VILLAG":"03-215-034","X_UTM":"360018","Y_UTM":"1636095"},"bbox":[-16.300741,14.795334,-16.300741,14.795334],"geometry":{"type":"Point","coordinates":[-16.300741,14.795334]}},{"type":"Feature","properties":{"ENTITY":"Insert","LAYER":"0","ELEVATION":0.0,"THICKNESS":0.0,"COLOR":7.0,"NOM":"TAIBA NDAKHAR","NUM_VILLAG":"03-214-021","X_UTM":"362746","Y_UTM":"1646162"},"bbox":[-16.27593,14.886472,-16.27593,14.886472],"geometry":{"type":"Point","coordinates":[-16.27593,14.886472]}},{"type":"Feature","properties":{"ENTITY":"Insert","LAYER":"0","ELEVATION":0.0,"THICKNESS":0.0,"COLOR":7.0,"NOM":"TAIBA NDAO","NUM_VILLAG":"03-213-036","X_UTM":"364924","Y_UTM":"1648371"},"bbox":[-16.255802,14.906551,-16.255802,14.906551],"geometry":{"type":"Point","coordinates":[-16.255802,14.906551]}},{"type":"Feature","properties":{"ENTITY":"Insert","LAYER":"0","ELEVATION":0.0,"THICKNESS":0.0,"COLOR":7.0,"NOM":"TAIBA SANTHIE","NUM_VILLAG":"03-213-037","X_UTM":"366508","Y_UTM":"1652339"},"bbox":[-16.241284,14.942499,-16.241284,14.942499],"geometry":{"type":"Point","coordinates":[-16.241284,14.942499]}},{"type":"Feature","properties":{"ENTITY":"Insert","LAYER":"0","ELEVATION":0.0,"THICKNESS":0.0,"COLOR":7.0,"NOM":"TAIBA SANTHIE II","NUM_VILLAG":"03-212-027","X_UTM":"357371","Y_UTM":"1648039"},"bbox":[-16.325991,14.903154,-16.325991,14.903154],"geometry":{"type":"Point","coordinates":[-16.325991,14.903154]}},{"type":"Feature","properties":{"ENTITY":"Insert","LAYER":"0","ELEVATION":0.0,"THICKNESS":0.0,"COLOR":7.0,"NOM":"TALAKHE","NUM_VILLAG":"03-213-038","X_UTM":"372340","Y_UTM":"1649812"},"bbox":[-16.186938,14.919944,-16.186938,14.919944],"geometry":{"type":"Point","coordinates":[-16.186938,14.919944]}},{"type":"Feature","properties":{"ENTITY":"Insert","LAYER":"0","ELEVATION":0.0,"THICKNESS":0.0,"COLOR":7.0,"NOM":"TAMAKA","NUM_VILLAG":"03-211-020","X_UTM":"378102","Y_UTM":"1649274"},"bbox":[-16.133347,14.915353,-16.133347,14.915353],"geometry":{"type":"Point","coordinates":[-16.133347,14.915353]}},{"type":"Feature","properties":{"ENTITY":"Insert","LAYER":"0","ELEVATION":0.0,"THICKNESS":0.0,"COLOR":7.0,"NOM":"TAWA","NUM_VILLAG":"03-214-022","X_UTM":"361816","Y_UTM":"1645786"},"bbox":[-16.284553,14.883025,-16.284553,14.883025],"geometry":{"type":"Point","coordinates":[-16.284553,14.883025]}},{"type":"Feature","properties":{"ENTITY":"Insert","LAYER":"0","ELEVATION":0.0,"THICKNESS":0.0,"COLOR":7.0,"NOM":"TAWA MBAYARD","NUM_VILLAG":"03-221-040","X_UTM":"376238","Y_UTM":"1635456"},"bbox":[-16.150014,14.790358,-16.150014,14.790358],"geometry":{"type":"Point","coordinates":[-16.150014,14.790358]}},{"type":"Feature","properties":{"ENTITY":"Insert","LAYER":"0","ELEVATION":0.0,"THICKNESS":0.0,"COLOR":7.0,"NOM":"TAYRE OUALO","NUM_VILLAG":"03-221-038","X_UTM":"381444","Y_UTM":"1625213"},"bbox":[-16.10118,14.698,-16.10118,14.698],"geometry":{"type":"Point","coordinates":[-16.10118,14.698]}},{"type":"Feature","properties":{"ENTITY":"Insert","LAYER":"0","ELEVATION":0.0,"THICKNESS":0.0,"COLOR":7.0,"NOM":"TAYRE OUOLOF","NUM_VILLAG":"03-221-038","X_UTM":"381103","Y_UTM":"1626225"},"bbox":[-16.104393,14.707133,-16.104393,14.707133],"geometry":{"type":"Point","coordinates":[-16.104393,14.707133]}},{"type":"Feature","properties":{"ENTITY":"Insert","LAYER":"0","ELEVATION":0.0,"THICKNESS":0.0,"COLOR":7.0,"NOM":"TAYRE SERERE","NUM_VILLAG":"03-221-039","X_UTM":"381170","Y_UTM":"1625742"},"bbox":[-16.103749,14.70277,-16.103749,14.70277],"geometry":{"type":"Point","coordinates":[-16.103749,14.70277]}},{"type":"Feature","properties":{"ENTITY":"Insert","LAYER":"0","ELEVATION":0.0,"THICKNESS":0.0,"COLOR":7.0,"NOM":"TEIGNE TEIGNE","NUM_VILLAG":"03-214-023","X_UTM":"357780","Y_UTM":"1640292"},"bbox":[-16.321763,14.833152,-16.321763,14.833152],"geometry":{"type":"Point","coordinates":[-16.321763,14.833152]}},{"type":"Feature","properties":{"ENTITY":"Insert","LAYER":"0","ELEVATION":0.0,"THICKNESS":0.0,"COLOR":7.0,"NOM":"TENE","NUM_VILLAG":"03-221-041","X_UTM":"378917","Y_UTM":"1633137"},"bbox":[-16.125016,14.769518,-16.125016,14.769518],"geometry":{"type":"Point","coordinates":[-16.125016,14.769518]}},{"type":"Feature","properties":{"ENTITY":"Insert","LAYER":"0","ELEVATION":0.0,"THICKNESS":0.0,"COLOR":7.0,"NOM":"TENEFOUL TOUCOULEUR","NUM_VILLAG":"03-224-043","X_UTM":"372556","Y_UTM":"1611950"},"bbox":[-16.183079,14.577702,-16.183079,14.577702],"geometry":{"type":"Point","coordinates":[-16.183079,14.577702]}},{"type":"Feature","properties":{"ENTITY":"Insert","LAYER":"0","ELEVATION":0.0,"THICKNESS":0.0,"COLOR":7.0,"NOM":"TENGUE OUOLOF","NUM_VILLAG":"03-225-031","X_UTM":"370012","Y_UTM":"1625351"},"bbox":[-16.207354,14.698719,-16.207354,14.698719],"geometry":{"type":"Point","coordinates":[-16.207354,14.698719]}},{"type":"Feature","properties":{"ENTITY":"Insert","LAYER":"0","ELEVATION":0.0,"THICKNESS":0.0,"COLOR":7.0,"NOM":"TENGUE SERERE","NUM_VILLAG":"03-225-030","X_UTM":"369406","Y_UTM":"1624642"},"bbox":[-16.212947,14.692281,-16.212947,14.692281],"geometry":{"type":"Point","coordinates":[-16.212947,14.692281]}},{"type":"Feature","properties":{"ENTITY":"Insert","LAYER":"0","ELEVATION":0.0,"THICKNESS":0.0,"COLOR":7.0,"NOM":"THIAKH","NUM_VILLAG":"03-211-021","X_UTM":"378834","Y_UTM":"1638748"},"bbox":[-16.126049,14.820236,-16.126049,14.820236],"geometry":{"type":"Point","coordinates":[-16.126049,14.820236]}},{"type":"Feature","properties":{"ENTITY":"Insert","LAYER":"0","ELEVATION":0.0,"THICKNESS":0.0,"COLOR":7.0,"NOM":"THIAKHAMY NIASSENE","NUM_VILLAG":"03-212-028","X_UTM":"354271","Y_UTM":"1653981"},"bbox":[-16.355142,14.956694,-16.355142,14.956694],"geometry":{"type":"Point","coordinates":[-16.355142,14.956694]}},{"type":"Feature","properties":{"ENTITY":"Insert","LAYER":"0","ELEVATION":0.0,"THICKNESS":0.0,"COLOR":7.0,"NOM":"THIAKHAMY TOURE","NUM_VILLAG":"03-212-029","X_UTM":"356503","Y_UTM":"1653848"},"bbox":[-16.334383,14.955614,-16.334383,14.955614],"geometry":{"type":"Point","coordinates":[-16.334383,14.955614]}},{"type":"Feature","properties":{"ENTITY":"Insert","LAYER":"0","ELEVATION":0.0,"THICKNESS":0.0,"COLOR":7.0,"NOM":"THIAKHO","NUM_VILLAG":"03-221-042","X_UTM":"380753","Y_UTM":"1633285"},"bbox":[-16.107966,14.770938,-16.107966,14.770938],"geometry":{"type":"Point","coordinates":[-16.107966,14.770938]}},{"type":"Feature","properties":{"ENTITY":"Insert","LAYER":"0","ELEVATION":0.0,"THICKNESS":0.0,"COLOR":7.0,"NOM":"THIALLE","NUM_VILLAG":"03-225-032","X_UTM":"371719","Y_UTM":"1629357"},"bbox":[-16.191698,14.735013,-16.191698,14.735013],"geometry":{"type":"Point","coordinates":[-16.191698,14.735013]}},{"type":"Feature","properties":{"ENTITY":"Insert","LAYER":"0","ELEVATION":0.0,"THICKNESS":0.0,"COLOR":7.0,"NOM":"THIALY","NUM_VILLAG":"03-215-035","X_UTM":"365169","Y_UTM":"1632169"},"bbox":[-16.252682,14.760111,-16.252682,14.760111],"geometry":{"type":"Point","coordinates":[-16.252682,14.760111]}},{"type":"Feature","properties":{"ENTITY":"Insert","LAYER":"0","ELEVATION":0.0,"THICKNESS":0.0,"COLOR":7.0,"NOM":"THIAMENE","NUM_VILLAG":"03-213-039","X_UTM":"370456","Y_UTM":"1644550"},"bbox":[-16.204187,14.872288,-16.204187,14.872288],"geometry":{"type":"Point","coordinates":[-16.204187,14.872288]}},{"type":"Feature","properties":{"ENTITY":"Insert","LAYER":"0","ELEVATION":0.0,"THICKNESS":0.0,"COLOR":7.0,"NOM":"THIANDIGUE","NUM_VILLAG":"03-225-033","X_UTM":"372270","Y_UTM":"1626631"},"bbox":[-16.186447,14.710398,-16.186447,14.710398],"geometry":{"type":"Point","coordinates":[-16.186447,14.710398]}},{"type":"Feature","properties":{"ENTITY":"Insert","LAYER":"0","ELEVATION":0.0,"THICKNESS":0.0,"COLOR":7.0,"NOM":"THIAR NDIAYE","NUM_VILLAG":"03-221-043","X_UTM":"380839","Y_UTM":"1628826"},"bbox":[-16.106963,14.730634,-16.106963,14.730634],"geometry":{"type":"Point","coordinates":[-16.106963,14.730634]}},{"type":"Feature","properties":{"ENTITY":"Insert","LAYER":"0","ELEVATION":0.0,"THICKNESS":0.0,"COLOR":7.0,"NOM":"THIAREME DIAMA","NUM_VILLAG":"03-225-034","X_UTM":"369044","Y_UTM":"1631505"},"bbox":[-16.216652,14.754301,-16.216652,14.754301],"geometry":{"type":"Point","coordinates":[-16.216652,14.754301]}},{"type":"Feature","properties":{"ENTITY":"Insert","LAYER":"0","ELEVATION":0.0,"THICKNESS":0.0,"COLOR":7.0,"NOM":"THIEGNE","NUM_VILLAG":"03-213-040","X_UTM":"367447","Y_UTM":"1641034"},"bbox":[-16.231973,14.840358,-16.231973,14.840358],"geometry":{"type":"Point","coordinates":[-16.231973,14.840358]}},{"type":"Feature","properties":{"ENTITY":"Insert","LAYER":"0","ELEVATION":0.0,"THICKNESS":0.0,"COLOR":7.0,"NOM":"THIEKANE","NUM_VILLAG":"03-212-030","X_UTM":"354404","Y_UTM":"1654484"},"bbox":[-16.353934,14.961248,-16.353934,14.961248],"geometry":{"type":"Point","coordinates":[-16.353934,14.961248]}},{"type":"Feature","properties":{"ENTITY":"Insert","LAYER":"0","ELEVATION":0.0,"THICKNESS":0.0,"COLOR":7.0,"NOM":"THIENDIEGNE","NUM_VILLAG":"03-215-036","X_UTM":"365566","Y_UTM":"1632737"},"bbox":[-16.249023,14.765265,-16.249023,14.765265],"geometry":{"type":"Point","coordinates":[-16.249023,14.765265]}},{"type":"Feature","properties":{"ENTITY":"Insert","LAYER":"0","ELEVATION":0.0,"THICKNESS":0.0,"COLOR":7.0,"NOM":"THIEYE","NUM_VILLAG":"03-211-022","X_UTM":"374158","Y_UTM":"1641240"},"bbox":[-16.169619,14.842545,-16.169619,14.842545],"geometry":{"type":"Point","coordinates":[-16.169619,14.842545]}},{"type":"Feature","properties":{"ENTITY":"Insert","LAYER":"0","ELEVATION":0.0,"THICKNESS":0.0,"COLOR":7.0,"NOM":"THIOBE OUOLOF","NUM_VILLAG":"03-223-034","X_UTM":"383991","Y_UTM":"1619644"},"bbox":[-16.07728,14.647768,-16.07728,14.647768],"geometry":{"type":"Point","coordinates":[-16.07728,14.647768]}},{"type":"Feature","properties":{"ENTITY":"Insert","LAYER":"0","ELEVATION":0.0,"THICKNESS":0.0,"COLOR":7.0,"NOM":"THIOBE SENE","NUM_VILLAG":"03-223-035","X_UTM":"382322","Y_UTM":"1617587"},"bbox":[-16.092684,14.629101,-16.092684,14.629101],"geometry":{"type":"Point","coordinates":[-16.092684,14.629101]}},{"type":"Feature","properties":{"ENTITY":"Insert","LAYER":"0","ELEVATION":0.0,"THICKNESS":0.0,"COLOR":7.0,"NOM":"THIOBE SERERE","NUM_VILLAG":"03-223-036","X_UTM":"383333","Y_UTM":"1618675"},"bbox":[-16.083346,14.63898,-16.083346,14.63898],"geometry":{"type":"Point","coordinates":[-16.083346,14.63898]}},{"type":"Feature","properties":{"ENTITY":"Insert","LAYER":"0","ELEVATION":0.0,"THICKNESS":0.0,"COLOR":7.0,"NOM":"THIOCK NIANG","NUM_VILLAG":"03-213-041","X_UTM":"364685","Y_UTM":"1642939"},"bbox":[-16.257739,14.857438,-16.257739,14.857438],"geometry":{"type":"Point","coordinates":[-16.257739,14.857438]}},{"type":"Feature","properties":{"ENTITY":"Insert","LAYER":"0","ELEVATION":0.0,"THICKNESS":0.0,"COLOR":7.0,"NOM":"THIOKHEME","NUM_VILLAG":"03-225-035","X_UTM":"365422","Y_UTM":"1626141"},"bbox":[-16.250021,14.705635,-16.250021,14.705635],"geometry":{"type":"Point","coordinates":[-16.250021,14.705635]}},{"type":"Feature","properties":{"ENTITY":"Insert","LAYER":"0","ELEVATION":0.0,"THICKNESS":0.0,"COLOR":7.0,"NOM":"THIOLOM DAPPA","NUM_VILLAG":"03-225-036","X_UTM":"364366","Y_UTM":"1624458"},"bbox":[-16.25974,14.690368,-16.25974,14.690368],"geometry":{"type":"Point","coordinates":[-16.25974,14.690368]}},{"type":"Feature","properties":{"ENTITY":"Insert","LAYER":"0","ELEVATION":0.0,"THICKNESS":0.0,"COLOR":7.0,"NOM":"THIOLOM NDIANDE","NUM_VILLAG":"03-222-034","X_UTM":"362920","Y_UTM":"1614586"},"bbox":[-16.272653,14.60106,-16.272653,14.60106],"geometry":{"type":"Point","coordinates":[-16.272653,14.60106]}},{"type":"Feature","properties":{"ENTITY":"Insert","LAYER":"0","ELEVATION":0.0,"THICKNESS":0.0,"COLOR":7.0,"NOM":"THIOLOM TENEFOUL","NUM_VILLAG":"03-224-044","X_UTM":"373623","Y_UTM":"1612286"},"bbox":[-16.173192,14.580789,-16.173192,14.580789],"geometry":{"type":"Point","coordinates":[-16.173192,14.580789]}},{"type":"Feature","properties":{"ENTITY":"Insert","LAYER":"0","ELEVATION":0.0,"THICKNESS":0.0,"COLOR":7.0,"NOM":"THIONGO","NUM_VILLAG":"03-221-044","X_UTM":"379802","Y_UTM":"1630829"},"bbox":[-16.116688,14.748694,-16.116688,14.748694],"geometry":{"type":"Point","coordinates":[-16.116688,14.748694]}},{"type":"Feature","properties":{"ENTITY":"Insert","LAYER":"0","ELEVATION":0.0,"THICKNESS":0.0,"COLOR":7.0,"NOM":"THIOURENE","NUM_VILLAG":"03-211-023","X_UTM":"380773","Y_UTM":"1645572"},"bbox":[-16.108345,14.88201,-16.108345,14.88201],"geometry":{"type":"Point","coordinates":[-16.108345,14.88201]}},{"type":"Feature","properties":{"ENTITY":"Insert","LAYER":"0","ELEVATION":0.0,"THICKNESS":0.0,"COLOR":7.0,"NOM":"THIOUTHIE DIAMA","NUM_VILLAG":"03-225-037","X_UTM":"375462","Y_UTM":"1629929"},"bbox":[-16.156959,14.740361,-16.156959,14.740361],"geometry":{"type":"Point","coordinates":[-16.156959,14.740361]}},{"type":"Feature","properties":{"ENTITY":"Insert","LAYER":"0","ELEVATION":0.0,"THICKNESS":0.0,"COLOR":7.0,"NOM":"THIOUTHIE WOKANE","NUM_VILLAG":"03-221-045","X_UTM":"377106","Y_UTM":"1632720"},"bbox":[-16.14182,14.765666,-16.14182,14.765666],"geometry":{"type":"Point","coordinates":[-16.14182,14.765666]}},{"type":"Feature","properties":{"ENTITY":"Insert","LAYER":"0","ELEVATION":0.0,"THICKNESS":0.0,"COLOR":7.0,"NOM":"THIOUTHIOUNE","NUM_VILLAG":"03-222-035","X_UTM":"360686","Y_UTM":"1619714"},"bbox":[-16.293661,14.647299,-16.293661,14.647299],"geometry":{"type":"Point","coordinates":[-16.293661,14.647299]}},{"type":"Feature","properties":{"ENTITY":"Insert","LAYER":"0","ELEVATION":0.0,"THICKNESS":0.0,"COLOR":7.0,"NOM":"THYLLA KHOULE","NUM_VILLAG":"03-221-046","X_UTM":"382602","Y_UTM":"1628315"},"bbox":[-16.090565,14.726092,-16.090565,14.726092],"geometry":{"type":"Point","coordinates":[-16.090565,14.726092]}},{"type":"Feature","properties":{"ENTITY":"Insert","LAYER":"0","ELEVATION":0.0,"THICKNESS":0.0,"COLOR":7.0,"NOM":"THYSSE","NUM_VILLAG":"03-225-038","X_UTM":"372305","Y_UTM":"1633839"},"bbox":[-16.186475,14.775556,-16.186475,14.775556],"geometry":{"type":"Point","coordinates":[-16.186475,14.775556]}},{"type":"Feature","properties":{"ENTITY":"Insert","LAYER":"0","ELEVATION":0.0,"THICKNESS":0.0,"COLOR":7.0,"NOM":"THYSSE","NUM_VILLAG":"03-214-024","X_UTM":"363993","Y_UTM":"1644264"},"bbox":[-16.26424,14.86938,-16.26424,14.86938],"geometry":{"type":"Point","coordinates":[-16.26424,14.86938]}},{"type":"Feature","properties":{"ENTITY":"Insert","LAYER":"0","ELEVATION":0.0,"THICKNESS":0.0,"COLOR":7.0,"NOM":"THYSSE KELMANE (NGADIAG)","NUM_VILLAG":"03-214-025","X_UTM":"363744","Y_UTM":"1646892"},"bbox":[-16.266692,14.893122,-16.266692,14.893122],"geometry":{"type":"Point","coordinates":[-16.266692,14.893122]}},{"type":"Feature","properties":{"ENTITY":"Insert","LAYER":"0","ELEVATION":0.0,"THICKNESS":0.0,"COLOR":7.0,"NOM":"TOCK NGOL","NUM_VILLAG":"03-222-036","X_UTM":"357632","Y_UTM":"1619325"},"bbox":[-16.321994,14.643623,-16.321994,14.643623],"geometry":{"type":"Point","coordinates":[-16.321994,14.643623]}},{"type":"Feature","properties":{"ENTITY":"Insert","LAYER":"0","ELEVATION":0.0,"THICKNESS":0.0,"COLOR":7.0,"NOM":"TOCKY GARE","NUM_VILLAG":"03-224-045","X_UTM":"376363","Y_UTM":"1613228"},"bbox":[-16.147803,14.589431,-16.147803,14.589431],"geometry":{"type":"Point","coordinates":[-16.147803,14.589431]}},{"type":"Feature","properties":{"ENTITY":"Insert","LAYER":"0","ELEVATION":0.0,"THICKNESS":0.0,"COLOR":7.0,"NOM":"TOCKY SERERE","NUM_VILLAG":"03-224-046","X_UTM":"376657","Y_UTM":"1613801"},"bbox":[-16.145101,14.594624,-16.145101,14.594624],"geometry":{"type":"Point","coordinates":[-16.145101,14.594624]}},{"type":"Feature","properties":{"ENTITY":"Insert","LAYER":"0","ELEVATION":0.0,"THICKNESS":0.0,"COLOR":7.0,"NOM":"TOCKY TOUCOULEUR","NUM_VILLAG":"03-224-046","X_UTM":"377641","Y_UTM":"1612840"},"bbox":[-16.135923,14.585981,-16.135923,14.585981],"geometry":{"type":"Point","coordinates":[-16.135923,14.585981]}},{"type":"Feature","properties":{"ENTITY":"Insert","LAYER":"0","ELEVATION":0.0,"THICKNESS":0.0,"COLOR":7.0,"NOM":"TOUBA COKI","NUM_VILLAG":"03-213-041","X_UTM":"372300","Y_UTM":"1651826"},"bbox":[-16.18741,14.938148,-16.18741,14.938148],"geometry":{"type":"Point","coordinates":[-16.18741,14.938148]}},{"type":"Feature","properties":{"ENTITY":"Insert","LAYER":"0","ELEVATION":0.0,"THICKNESS":0.0,"COLOR":7.0,"NOM":"TOUBA MBEUSSINE","NUM_VILLAG":"03-221-021","X_UTM":"378559","Y_UTM":"1629237"},"bbox":[-16.12816,14.734247,-16.12816,14.734247],"geometry":{"type":"Point","coordinates":[-16.12816,14.734247]}},{"type":"Feature","properties":{"ENTITY":"Insert","LAYER":"0","ELEVATION":0.0,"THICKNESS":0.0,"COLOR":7.0,"NOM":"TOUBA MBEYENE","NUM_VILLAG":"03-211-024","X_UTM":"379362","Y_UTM":"1653160"},"bbox":[-16.121816,14.950538,-16.121816,14.950538],"geometry":{"type":"Point","coordinates":[-16.121816,14.950538]}},{"type":"Feature","properties":{"ENTITY":"Insert","LAYER":"0","ELEVATION":0.0,"THICKNESS":0.0,"COLOR":7.0,"NOM":"TOUBE","NUM_VILLAG":"03-215-037","X_UTM":"358632","Y_UTM":"1632395"},"bbox":[-16.313416,14.761816,-16.313416,14.761816],"geometry":{"type":"Point","coordinates":[-16.313416,14.761816]}},{"type":"Feature","properties":{"ENTITY":"Insert","LAYER":"0","ELEVATION":0.0,"THICKNESS":0.0,"COLOR":7.0,"NOM":"TOULAR","NUM_VILLAG":"03-221-047","X_UTM":"379803","Y_UTM":"1630983"},"bbox":[-16.116686,14.750087,-16.116686,14.750087],"geometry":{"type":"Point","coordinates":[-16.116686,14.750087]}},{"type":"Feature","properties":{"ENTITY":"Insert","LAYER":"0","ELEVATION":0.0,"THICKNESS":0.0,"COLOR":7.0,"NOM":"TOURE MBONDE","NUM_VILLAG":"03-225-039","X_UTM":"368336","Y_UTM":"1628122"},"bbox":[-16.223058,14.723686,-16.223058,14.723686],"geometry":{"type":"Point","coordinates":[-16.223058,14.723686]}},{"type":"Feature","properties":{"ENTITY":"Insert","LAYER":"0","ELEVATION":0.0,"THICKNESS":0.0,"COLOR":7.0,"NOM":"TOURE NDOULO","NUM_VILLAG":"03-221-048","X_UTM":"379253","Y_UTM":"1628166"},"bbox":[-16.121664,14.724597,-16.121664,14.724597],"geometry":{"type":"Point","coordinates":[-16.121664,14.724597]}},{"type":"Feature","properties":{"ENTITY":"Insert","LAYER":"0","ELEVATION":0.0,"THICKNESS":0.0,"COLOR":7.0,"NOM":"WALALANE","NUM_VILLAG":"03-224-048","X_UTM":"383779","Y_UTM":"1609033"},"bbox":[-16.07878,14.551836,-16.07878,14.551836],"geometry":{"type":"Point","coordinates":[-16.07878,14.551836]}},{"type":"Feature","properties":{"ENTITY":"Insert","LAYER":"0","ELEVATION":0.0,"THICKNESS":0.0,"COLOR":7.0,"NOM":"WANGHA","NUM_VILLAG":"03-224-049","X_UTM":"386444","Y_UTM":"1612207"},"bbox":[-16.054183,14.580642,-16.054183,14.580642],"geometry":{"type":"Point","coordinates":[-16.054183,14.580642]}},{"type":"Feature","properties":{"ENTITY":"Insert","LAYER":"0","ELEVATION":0.0,"THICKNESS":0.0,"COLOR":7.0,"NOM":"YADOU","NUM_VILLAG":"03-221-049","X_UTM":"380743","Y_UTM":"1630162"},"bbox":[-16.107916,14.742707,-16.107916,14.742707],"geometry":{"type":"Point","coordinates":[-16.107916,14.742707]}},{"type":"Feature","properties":{"ENTITY":"Insert","LAYER":"0","ELEVATION":0.0,"THICKNESS":0.0,"COLOR":7.0,"NOM":"YAMAL","NUM_VILLAG":"03-215-038","X_UTM":"359290","Y_UTM":"1631177"},"bbox":[-16.307238,14.750841,-16.307238,14.750841],"geometry":{"type":"Point","coordinates":[-16.307238,14.750841]}},{"type":"Feature","properties":{"ENTITY":"Insert","LAYER":"0","ELEVATION":0.0,"THICKNESS":0.0,"COLOR":7.0,"NOM":"YEOUL","NUM_VILLAG":"03-213-043","X_UTM":"369534","Y_UTM":"1639793"},"bbox":[-16.212517,14.829243,-16.212517,14.829243],"geometry":{"type":"Point","coordinates":[-16.212517,14.829243]}},{"type":"Feature","properties":{"ENTITY":"Insert","LAYER":"0","ELEVATION":0.0,"THICKNESS":0.0,"COLOR":7.0,"NOM":"YEREDY","NUM_VILLAG":"03-222-037","X_UTM":"359965","Y_UTM":"1613421"},"bbox":[-16.300021,14.590378,-16.300021,14.590378],"geometry":{"type":"Point","coordinates":[-16.300021,14.590378]}},{"type":"Feature","properties":{"ENTITY":"Insert","LAYER":"0","ELEVATION":0.0,"THICKNESS":0.0,"COLOR":7.0,"NOM":"YOLY","NUM_VILLAG":"03-222-038","X_UTM":"366535","Y_UTM":"1612463"},"bbox":[-16.23899,14.582049,-16.23899,14.582049],"geometry":{"type":"Point","coordinates":[-16.23899,14.582049]}}]}